tweet_id,raw_text,expected_event_type,expected_event_date,expected_location_raw,expected_location_type,expected_state,expected_district,expected_assembly_constituency,expected_block,expected_gp_or_ward,expected_ulb_name,expected_people_handles,expected_people_names,expected_schemes,expected_hashtags,expected_target_groups,expected_communities,expected_organizations,expected_security_type,expected_sentiment_political,notes
1991484499914551567,"рдирд╡рд╛ рд░рд╛рдпрдкреБрд░ рдореЗрдВ рд╕реНрдерд╛рдкрд┐рдд рдЬрдирдЬрд╛рддреАрдп рд╕рдВрдЧреНрд░рд╣рд╛рд▓рдп рд╕рд╣ рд╕реНрдорд╛рд░рдХ рд╕рдорд╕реНрдд рдкреНрд░рджреЗрд╢рд╡рд╛рд╕рд┐рдпреЛрдВ рдХреА рдкреНрд░реЗрд░рдгрд╛ рдХрд╛ рдкреНрд░рддреАрдХ рдмрдиреЗрдЧрд╛ред рдЬрдирдЬрд╛рддреАрдп рд╕рдорд╛рдЬ рдХрд╛ рдЗрддрд┐рд╣рд╛рд╕, рднрд╛рд░рдд рдХрд╛ рдЧреМрд░рд╡рд╢рд╛рд▓реА рдЕрдзреНрдпрд╛рдп рд╣реИред рдЗрд╕рдХрд╛ рдкреНрд░рдореБрдЦ рдЙрджрд╛рд╣рд░рдг рдореБрд░рд┐рдпрд╛ рджрд░рдмрд╛рд░ рдХрд╛ рдЖрджрд┐рдо рдЬрди-рд╕рдВрд╕рдж рд╣реИред  - рдорд╣рд╛рдорд╣рд┐рдо рд░рд╛рд╖реНрдЯреНрд░рдкрддрд┐ рд╢реНрд░реАрдорддреА рджреНрд░реМрдкрджреА рдореБрд░реНрдореБ рдЬреА @rashtrapatibhvn",рдЕрдиреНрдп,2025-11-20,рдирд╡рд╛ рд░рд╛рдпрдкреБрд░,urban,Chhattisgarh,рд░рд╛рдпрдкреБрд░,,,,,[],"[""рджреНрд░реМрдкрджреА рдореБрд░реНрдореБ""]",[],[],[],[],[],,,Auto-generated from Parser V2 (Confidence: 0.7)
1991470463206527328,"рдЖрдЬ рдЕрдВрдмрд┐рдХрд╛рдкреБрд░ рдореЗрдВ рдорд╣рд╛рдорд╣рд┐рдо рд░рд╛рд╖реНрдЯреНрд░рдкрддрд┐ рд╢реНрд░реАрдорддреА рджреНрд░реМрдкрджреА рдореБрд░реНрдореБ рдЬреА рдХреЗ рдореБрдЦреНрдп рдЖрддрд┐рдереНрдп рдореЗрдВ рдЖрдпреЛрдЬрд┐рдд рдЬрдирдЬрд╛рддреАрдп рдЧреМрд░рд╡ рджрд┐рд╡рд╕ рд╕рдорд╛рд░реЛрд╣ рдореЗрдВ рдЖрджрд░рдгреАрдп рдХреЗрдВрджреНрд░реАрдп рд░рд╛рдЬреНрдп рдЬрдирдЬрд╛рддреАрдп рдХрд╛рд░реНрдп рдордВрддреНрд░реА рд╢реНрд░реА рджреБрд░реНрдЧрд╛ рджрд╛рд╕ рдЙрдЗрдХреЗ рдЬреА, рдорд╛рдирдиреАрдп рд░рд╛рдЬреНрдпрдкрд╛рд▓ рд╢реНрд░реА рд░рдореЗрди рдбреЗрдХрд╛ рдЬреА, рдорд╛рдирдиреАрдп рдореБрдЦреНрдпрдордВрддреНрд░реА рд╢реНрд░реА рд╡рд┐рд╖реНрдгреБ рджреЗрд╡ рд╕рд╛рдп рдЬреА рдПрд╡рдВ рдорд╛рдирдиреАрдп рдХреЗрдВрджреНрд░реАрдп рд░рд╛рдЬреНрдп рдордВрддреНрд░реА рд╢реНрд░реА рддреЛрдЦрди рд╕рд╛рд╣реВ рдЬреА рдХреЗ рд╕рд╛рде рд╕рдореНрдорд┐рд▓рд┐рдд рд╣реЛрдирд╛ рдЕрддреНрдпрдВрдд рдЧрд░реНрд╡ рдХрд╛ рд╡рд┐рд╖рдп рд░рд╣рд╛ред рд░рд╛рд╖реНрдЯреНрд░рдкрддрд┐ рдорд╣реЛрджрдпрд╛ рдХрд╛ рдЫрддреНрддреАрд╕рдЧрдврд╝ рдХреЗ рдЬрдирдЬрд╛рддреАрдп рд╕рдорд╛рдЬ рдХреЗ рдкреНрд░рддрд┐ рд╕реНрдиреЗрд╣, рдЖрддреНрдореАрдпрддрд╛ рдФрд░ рд╕рдВрд╡реЗрджрдирд╢реАрд▓рддрд╛ рдиреЗ рдЗрд╕ рджрд┐рд╡рд╕ рдХреА рдЧрд░рд┐рдорд╛ рдХреЛ рдФрд░ рднрд╡реНрдп рдмрдирд╛ рджрд┐рдпрд╛ред  рдЗрд╕ рдЕрд╡рд╕рд░ рдкрд░ рднрд╛рдЬрдкрд╛ рдкреНрд░рджреЗрд╢ рдЕрдзреНрдпрдХреНрд╖ рдорд╛рдирдиреАрдп рд╢реНрд░реА рдХрд┐рд░рдг рд╕рд┐рдВрд╣ рджреЗрд╡ рдЬреА, рдХреИрдмрд┐рдиреЗрдЯ рдХреЗ рд╕рд╛рдереАрдЧрдг рд╕рд╣рд┐рдд рдЕрдиреНрдп рдЧрдгрдорд╛рдиреНрдп рдЙрдкрд╕реНрдерд┐рдд рд░рд╣реЗред  @rashtrapatibhvn @DdUikey @vishnudsai @ramendeka16 @tokhansahu_bjp @KiranDeoBJP @ramvicharnetam @KedarKashyapBJP  #JanjatiyaGauravDiwas #Ambikapur #PresidentOfIndia",рдзрд╛рд░реНрдорд┐рдХ / рд╕рд╛рдВрд╕реНрдХреГрддрд┐рдХ рдХрд╛рд░реНрдпрдХреНрд░рдо,2025-11-20,рдЕрдВрдмрд┐рдХрд╛рдкреБрд░,urban,Chhattisgarh,рд╕рд░рдЧреБрдЬрд╛,,,,,[],"[""рдХрд┐рд░рдг рд╕рд┐рдВрд╣ рджреЗрд╡"", ""рдХреЗрдВрджреНрд░реАрдп рд░рд╛рдЬреНрдп"", ""рддреЛрдЦрди рд╕рд╛рд╣реВ"", ""рджреБрд░реНрдЧрд╛ рджрд╛рд╕ рдЙрдЗрдХреЗ"", ""рджреНрд░реМрдкрджреА рдореБрд░реНрдореБ"", ""рдорд╣реЛрджрдпрд╛ рдХрд╛ рдЫрддреНрддреАрд╕рдЧрдврд╝"", ""рд░рдореЗрди рдбреЗрдХрд╛"", ""рд╡рд┐рд╖реНрдгреБ рджреЗрд╡ рд╕рд╛рдп""]",[],[],[],[],[],,,Auto-generated from Parser V2 (Confidence: 0.95)
1991445498151289139,"рдирд╡рд╛ рд░рд╛рдпрдкреБрд░ рдЫрддреНрддреАрд╕рдЧрдврд╝ рдХрд╛ рдирдпрд╛ рдЯреЗрдХреНрд╕рдЯрд╛рдЗрд▓ рд╣рдм... 82 рдПрдХрдбрд╝ рдореЗрдВ рдЯреЗрдХреНрд╕рдЯрд╛рдЗрд▓ рдкрд╛рд░реНрдХ рдФрд░ 20 рдПрдХрдбрд╝ рдореЗрдВ рд░реЗрдбреАрдореЗрдб рдЧрд╛рд░рдореЗрдВрдЯ рдЬреЛрди рд╡рд┐рдХрд╕рд┐рдд рдХрд┐рдпрд╛ рдЬрд╛ рд░рд╣рд╛ рд╣реИред рдПрдирдЖрдИрдПрдлрдЯреА рдХреИрдВрдкрд╕ рдХреЗ рд╕рд╛рде рдПрдХреАрдХреГрдд рдЯреЗрдХреНрд╕рдЯрд╛рдЗрд▓ рдФрд░ рдЕрдкреИрд░рд▓ рдЗрдХреЛрд╕рд┐рд╕реНрдЯрдо, рдЫрддреНрддреАрд╕рдЧрдврд╝ рдХреЗ рд╡рд╕реНрддреНрд░ рдЙрджреНрдпреЛрдЧ рдХреЛ рдирдИ рдЧрддрд┐ рджреЗрдиреЗ рдХреЗ рд╕рд╛рде рд░реЛрдЬрдЧрд╛рд░ рдФрд░ рдирд┐рд░реНрдпрд╛рдд рджреЛрдиреЛрдВ рдХреЛ рдмрдврд╝рд╛рд╡рд╛ рджреЗрдиреЗ рдХрд╛ рдХрд╛рдо рдХрд░реЗрдЧреАред  #NavaRaipur #ChhattisgarhTextileHub #NIFT #MakeInChhattisgarh  #EmploymentGrowth",рдЕрдиреНрдп,2025-11-19,рдирд╡рд╛ рд░рд╛рдпрдкреБрд░,urban,Chhattisgarh,рд░рд╛рдпрдкреБрд░,,,,,[],[],[],[],[],[],[],,,Auto-generated from Parser V2 (Confidence: 0.7)
1991433908383060049,"рдЬрдирдЬрд╛рддреАрдп рдЧреМрд░рд╡ рджрд┐рд╡рд╕ рд╕рдорд╛рд░реЛрд╣ 2025 рдХреЗ рдЕрд╡рд╕рд░ рдкрд░ рдЕрдВрдмрд┐рдХрд╛рдкреБрд░ рдореЗрдВ рдЖрдпреЛрдЬрд┐рдд рдХрд╛рд░реНрдпрдХреНрд░рдо рдореЗрдВ рдорд╣рд╛рдорд╣рд┐рдо рд░рд╛рд╖реНрдЯреНрд░рдкрддрд┐ рд╢реНрд░реАрдорддреА рджреНрд░реМрдкрджреА рдореБрд░реНрдореВ рдЬреА, рдЖрджрд░рдгреАрдп рдХреЗрдВрджреНрд░реАрдп рд░рд╛рдЬреНрдп рдЬрдирдЬрд╛рддреАрдп рдХрд╛рд░реНрдп рдордВрддреНрд░реА рд╢реНрд░реА рджреБрд░реНрдЧрд╛ рджрд╛рд╕ рдЙрдЗрдХреЗ рдЬреА, рдорд╛рдирдиреАрдп рд░рд╛рдЬреНрдпрдкрд╛рд▓ рд╢реНрд░реА рд░рдореЗрди рдбреЗрдХрд╛ рдЬреА, рдорд╛рдирдиреАрдп рдореБрдЦреНрдпрдордВрддреНрд░реА рд╢реНрд░реА рд╡рд┐рд╖реНрдгреБ рджреЗрд╡ рд╕рд╛рдп рдЬреА, рдорд╛рдирдиреАрдп рд╕рд╛рдВрд╕рдж рд╢реНрд░реА рдЪрд┐рдВрддрд╛рдордгрд┐ рдорд╣рд╛рд░рд╛рдЬ рдЬреА рддрдерд╛ рдордВрддреНрд░рд┐рдордВрдбрд▓ рдХреЗ рд╕рджрд╕реНрдпреЛрдВ рдХреЗ рд╕рд╛рде рд╕рд╛рдореВрд╣рд┐рдХ рдЪрд┐рддреНрд░ред @rashtrapatibhvn @DdUikey @ramendeka16 @vishnudsai",рдзрд╛рд░реНрдорд┐рдХ / рд╕рд╛рдВрд╕реНрдХреГрддрд┐рдХ рдХрд╛рд░реНрдпрдХреНрд░рдо,2025-11-19,рдЕрдВрдмрд┐рдХрд╛рдкреБрд░,urban,Chhattisgarh,рд╕рд░рдЧреБрдЬрд╛,,,,,[],"[""рдЪрд┐рдВрддрд╛рдордгрд┐ рдорд╣рд╛рд░рд╛рдЬ"", ""рджреБрд░реНрдЧрд╛ рджрд╛рд╕ рдЙрдЗрдХреЗ"", ""рджреНрд░реМрдкрджреА рдореБрд░реНрдореВ"", ""рд░рдореЗрди рдбреЗрдХрд╛"", ""рд╡рд┐рд╖реНрдгреБ рджреЗрд╡ рд╕рд╛рдп""]",[],[],[],[],[],,,Auto-generated from Parser V2 (Confidence: 0.95)
1991428224157708480,рдЫрддреНрддреАрд╕рдЧрдврд╝ рднрд╛рдЬрдкрд╛ рдХреЗ рдкреНрд░рджреЗрд╢ рдкреНрд░рднрд╛рд░реА рдПрд╡рдВ рдмрд╛рдВрдХреАрдкреБрд░ рд╡рд┐рдзрд╛рдпрдХ рдорд╛рдирдиреАрдп рд╢реНрд░реА рдирд┐рддрд┐рди рдирдмреАрди рдЬреА рдХреЛ рдмрд┐рд╣рд╛рд░ рд╕рд░рдХрд╛рд░ рдореЗрдВ рдХреИрдмрд┐рдиреЗрдЯ рдордВрддреНрд░реА рдХреЗ рд░реВрдк рдореЗрдВ рд╢рдкрде рдЧреНрд░рд╣рдг рдХрд░рдиреЗ рдкрд░ рд╣рд╛рд░реНрджрд┐рдХ рдмрдзрд╛рдИ рдПрд╡рдВ рд╢реБрднрдХрд╛рдордирд╛рдпреЗрдВред  @NitinNabin    #рд╡рд┐рдХрд╕рд┐рдд_рдмрд┐рд╣рд╛рд░_рдХрд╛_рд╢рдкрде,рд╢реБрднрдХрд╛рдордирд╛ / рдмрдзрд╛рдИ,2025-11-19,Patna,district,Chhattisgarh,Patna,,,,,[],"[""рдХреЗ рд░реВрдк рдореЗрдВ"", ""рдирд┐рддрд┐рди рдирдмреАрди""]",[],[],[],[],[],,,Auto-generated from Parser V2 (Confidence: 0.95)
1991419570394132565,"рдмрд┐рд╣рд╛рд░ рдХреЗ рдореБрдЦреНрдпрдордВрддреНрд░реА рдкрдж рдХреА рд╢рдкрде рдЧреНрд░рд╣рдг рдХрд░рдиреЗ рдкрд░ рдорд╛рдирдиреАрдп рд╢реНрд░реА рдиреАрддреАрд╢ рдХреБрдорд╛рд░ рдЬреА рдФрд░ рдЙрдкрдореБрдЦреНрдпрдордВрддреНрд░реА рдкрдж рдХреА рд╢рдкрде рд▓реЗрдиреЗ рдкрд░ рдорд╛рдирдиреАрдп рд╢реНрд░реА рд╕рдореНрд░рд╛рдЯ рдЪреМрдзрд░реА рдЬреА рдФрд░ рдорд╛рдирдиреАрдп рд╢реНрд░реА рд╡рд┐рдЬрдп рд╕рд┐рдиреНрд╣рд╛ рдЬреА рдХреЛ рд╣рд╛рд░реНрджрд┐рдХ рдмрдзрд╛рдИ рдПрд╡рдВ рд╢реБрднрдХрд╛рдордирд╛рдпреЗрдВред   рдЖрджрд░рдгреАрдп рдкреНрд░рдзрд╛рдирдордВрддреНрд░реА рд╢реНрд░реА рдирд░реЗрдВрджреНрд░ рдореЛрджреА рдЬреА рдХреЗ рдпрд╢рд╕реНрд╡реА рдорд╛рд░реНрдЧрджрд░реНрд╢рди рдореЗрдВ 'рд╡рд┐рдХрд╕рд┐рдд рдмрд┐рд╣рд╛рд░' рдХреА рджрд┐рд╢рд╛ рдореЗрдВ рдпрд╣ рдирдИ рд╢реБрд░реБрдЖрдд рдкреНрд░рджреЗрд╢ рдХреЛ рдирдИ рдКрдБрдЪрд╛рдЗрдпреЛрдВ рддрдХ рд▓реЗ рдЬрд╛рдпреЗ, рдпрд╣реА рдордВрдЧрд▓рдХрд╛рдордирд╛ рд╣реИред @narendramodi @NitishKumar @samrat4bjp @VijayKrSinhaBih @BJP4Bihar",рд╢реБрднрдХрд╛рдордирд╛ / рдмрдзрд╛рдИ,2025-11-19,Patna,district,Chhattisgarh,Patna,,,,,[],"[""рдирд░реЗрдВрджреНрд░ рдореЛрджреА"", ""рдиреАрддреАрд╢ рдХреБрдорд╛рд░"", ""рдкрдж рдХреА рд╢рдкрде"", ""рд╡рд┐рдЬрдп рд╕рд┐рдиреНрд╣рд╛"", ""рд╕рдореНрд░рд╛рдЯ рдЪреМрдзрд░реА""]",[],[],[],[],[],,,Auto-generated from Parser V2 (Confidence: 0.85)
1991410196355379259,"рдорд╛рдирдиреАрдп рдХреЗрдВрджреНрд░реАрдп рд╡рд┐рддреНрдд рд░рд╛рдЬреНрдп рдордВрддреНрд░реА рд╢реНрд░реА рдкрдВрдХрдЬ рдЪреМрдзрд░реА рдЬреА рдХреЛ рдЬрдиреНрдорджрд┐рди рдХреА рд╣рд╛рд░реНрджрд┐рдХ рд╢реБрднрдХрд╛рдордирд╛рдпреЗрдВред рджреЗрд╢ рдХреЗ рд╡рд┐рддреНрддреАрдп рд╕рд╢рдХреНрддрд┐рдХрд░рдг рдФрд░ рд╡рд┐рдХрд╛рд╕ рдХреЗ рдкреНрд░рддрд┐ рдЖрдкрдХрд╛ рдпреЛрдЧрджрд╛рди рд╕рд░рд╛рд╣рдиреАрдп рд╣реИрдВред  рдкреНрд░рднреБ рд╢реНрд░реАрд░рд╛рдо рдЬреА рд╕реЗ рдЖрдкрдХреЗ рдЙрддреНрддрдо рд╕реНрд╡рд╛рд╕реНрдереНрдп, рджреАрд░реНрдШрд╛рдпреБ рдФрд░ рдирд┐рд░рдВрддрд░ рд╕рдлрд▓рддрд╛ рдХреА рдХрд╛рдордирд╛ рдХрд░рддрд╛ рд╣реВрдВред @mppchaudhary",рд╢реБрднрдХрд╛рдордирд╛ / рдмрдзрд╛рдИ,2025-11-19,Patna,district,Chhattisgarh,Patna,,,,,[],"[""рдХреЗрдВрджреНрд░реАрдп рд╡рд┐рддреНрдд рд░рд╛рдЬреНрдп"", ""рдкрдВрдХрдЬ рдЪреМрдзрд░реА""]",[],[],[],[],[],,,Auto-generated from Parser V2 (Confidence: 0.85)
1991396628406890866,рдЫрддреНрддреАрд╕рдЧрдврд╝ рдХреА рдкрд╛рд╡рди рднреВрдорд┐ рдЕрдВрдмрд┐рдХрд╛рдкреБрд░ рдЖрдЧрдорди рдХреЗ рдЕрд╡рд╕рд░ рдкрд░ рдорд╣рд╛рдорд╣рд┐рдо рд░рд╛рд╖реНрдЯреНрд░рдкрддрд┐ рд╢реНрд░реАрдорддреА рджреНрд░реМрдкрджреА рдореБрд░реНрдореВ рдЬреА рдХрд╛ рдЖрддреНрдореАрдп рд╕реНрд╡рд╛рдЧрдд рдХрд┐рдпрд╛ред  рдЬрдирдЬрд╛рддреАрдп рдЧреМрд░рд╡ рджрд┐рд╡рд╕ рдХреЗ рдЙрдкрд▓рдХреНрд╖реНрдп рдореЗрдВ рдЖрдпреЛрдЬрд┐рдд рдХрд╛рд░реНрдпрдХреНрд░рдо рдореЗрдВ рдЖрдкрдХрд╛ рдЖрдЧрдорди рд╕рдореНрдкреВрд░реНрдг рдкреНрд░рджреЗрд╢ рдХреЗ рд▓рд┐рдП рдЧреМрд░рд╡рдкреВрд░реНрдг рдХреНрд╖рдг рд╣реИред @rashtrapatibhvn   #Ambikapur,рдзрд╛рд░реНрдорд┐рдХ / рд╕рд╛рдВрд╕реНрдХреГрддрд┐рдХ рдХрд╛рд░реНрдпрдХреНрд░рдо,2025-11-19,рдЕрдВрдмрд┐рдХрд╛рдкреБрд░,urban,Chhattisgarh,рд╕рд░рдЧреБрдЬрд╛,,,,,[],"[""рджреНрд░реМрдкрджреА рдореБрд░реНрдореВ""]",[],[],[],[],[],,,Auto-generated from Parser V2 (Confidence: 0.95)
1991370002818298076,"рдЫрддреНрддреАрд╕рдЧрдврд╝ рдХреА рдкрд╛рд╡рди рдзрд░рд╛ рдкрд░ рдорд╣рд╛рдорд╣рд┐рдо рд░рд╛рд╖реНрдЯреНрд░рдкрддрд┐ рд╢реНрд░реАрдорддреА рджреНрд░реМрдкрджреА рдореБрд░реНрдореВ рдЬреА рдХрд╛ рд╣рд╛рд░реНрджрд┐рдХ рд╕реНрд╡рд╛рдЧрдд, рд╡рдВрджрди рдПрд╡рдВ рдЕрднрд┐рдирдВрджрдиред @rashtrapatibhvn  #Ambikapur",рдЕрдиреНрдп,2025-11-19,рдЕрдВрдмрд┐рдХрд╛рдкреБрд░,urban,Chhattisgarh,рд╕рд░рдЧреБрдЬрд╛,,,,,[],"[""рджреНрд░реМрдкрджреА рдореБрд░реНрдореВ""]",[],[],[],[],[],,,Auto-generated from Parser V2 (Confidence: 0.6)
1991332340204003707,"рдЬреАрдПрд╕рдЯреА рдХрд╛рд░реНрдпрд╛рд▓рдп рднрд╡рди рдХрд╛ рд▓реЛрдХрд╛рд░реНрдкрдг... ЁЯУНрд╕реЗрдХреНрдЯрд░-21, рдирд╡рд╛ рд░рд╛рдпрдкреБрд░ (рдЕрдЯрд▓ рдирдЧрд░)  #GST",рдЙрджреНрдШрд╛рдЯрди,2025-11-19,рдирд╡рд╛ рд░рд╛рдпрдкреБрд░,urban,Chhattisgarh,рд░рд╛рдпрдкреБрд░,,,,,[],[],"[""GST""]",[],[],[],[],,,Auto-generated from Parser V2 (Confidence: 0.95)
1991163135504654795,"рдорд╣рд╛рдорд╣рд┐рдо рд░рд╛рд╖реНрдЯреНрд░рдкрддрд┐ рд╢реНрд░реАрдорддреА рджреНрд░реМрдкрджреА рдореБрд░реНрдореВ рдЬрдирдЬрд╛рддреАрдп рдЧреМрд░рд╡ рджрд┐рд╡рд╕ 2025 рдХреЗ рдЙрдкрд▓рдХреНрд╖реНрдп рдореЗрдВ рд╕рд░рдЧреБрдЬрд╛ рдЬрд┐рд▓реЗ рдХреЗ рдЕрдВрдмрд┐рдХрд╛рдкреБрд░ рдореЗрдВ рдЖрдпреЛрдЬрд┐рдд рдХрд╛рд░реНрдпрдХреНрд░рдо рдореЗрдВ рд╢рд╛рдорд┐рд▓ рд╣реЛрдВрдЧреАред рдХрд╛рд░реНрдпрдХреНрд░рдо рд╕реЗ рдкреВрд░реНрд╡ рдЖрдЬ рдХреЗрдВрджреНрд░реАрдп рд░рд╛рдЬреНрдп рдЬрдирдЬрд╛рддреАрдп рдХрд╛рд░реНрдп рдордВрддреНрд░реА рд╢реНрд░реА рджреБрд░реНрдЧрд╛ рджрд╛рд╕ рдЙрдЗрдХреЗ рдЬреА рдХреЗ рд╕рд╛рде рдХрд╛рд░реНрдпрдХреНрд░рдо рд╕реНрдерд▓ рдХреА рдЕрдВрддрд┐рдо рддреИрдпрд╛рд░рд┐рдпреЛрдВ рдХрд╛ рдирд┐рд░реАрдХреНрд╖рдг рдХрд┐рдпрд╛ рдФрд░ рд╢рд┐рд▓реНрдкрдЧреНрд░рд╛рдо рдХрд╛ рднреА рдЕрд╡рд▓реЛрдХрди рдХрд┐рдпрд╛ред рдЗрд╕ рджреМрд░рд╛рди рдЖрд╕ рдкрд╛рд╕ рд╕реЗ рдЖрдП рдЬрдирдЬрд╛рддреАрдп рд╢рд┐рд▓реНрдкрдХрд╛рд░реЛрдВ рдПрд╡рдВ рдХрд▓рд╛рдХрд╛рд░реЛрдВ рд╕реЗ рднреА рдореБрд▓рд╛рдХрд╛рдд рдХреАред рддрдерд╛ рд╢рд┐рд▓реНрдк рдЧреНрд░рд╛рдо рдореЗрдВ рдЬрдирдЬрд╛рддреАрдп рд╢рд┐рд▓реНрдк рдХрд▓рд╛, рдкрд░рдВрдкрд░рд╛рдЧрдд рдЬрдбрд╝реА-рдмреВрдЯрд┐рдпреЛрдВ рд╕реЗ рдЗрд▓рд╛рдЬ, рд╣рдердХрд░рдШрд╛ рд╕реЗ рдмрдиреА рд╕рд╛рдбрд╝реА рдФрд░ рдХрдкрдбрд╝реЗ рд╕рд╣рд┐рдд рдмрд╛рдВрд╕рдХрд▓рд╛ рд╕реЗ рдмрдиреА рдХрд▓рд╛рддреНрдордХ рд╡рд╕реНрддреБрдУрдВ рдХрд╛ рдЕрд╡рд▓реЛрдХрди рдХрд┐рдпрд╛ред  рдЗрд╕ рдЕрд╡рд╕рд░ рдкрд░ рдорд╛рдирдиреАрдп рдордВрддреНрд░реА рд╢реНрд░реА рд░рд╛рдорд╡рд┐рдЪрд╛рд░ рдиреЗрддрд╛рдо рдЬреА, рдорд╛рдирдиреАрдп рдордВрддреНрд░реА рд╢реНрд░реА рдХреЗрджрд╛рд░ рдХрд╢реНрдпрдк рдЬреА рд╕рд╣рд┐рдд рдЕрдиреНрдп рдЙрдкрд╕реНрдерд┐рдд рд░рд╣реЗред @rashtrapatibhvn @DdUikey @KedarKashyapBJP @ramvicharnetam  #BirsaMunda150",рдмреИрдардХ,2025-11-19,рдЕрдВрдмрд┐рдХрд╛рдкреБрд░,urban,Chhattisgarh,рд╕рд░рдЧреБрдЬрд╛,,,,,[],"[""рдХреЗрджрд╛рд░ рдХрд╢реНрдпрдк"", ""рджреБрд░реНрдЧрд╛ рджрд╛рд╕ рдЙрдЗрдХреЗ"", ""рджреНрд░реМрдкрджреА рдореБрд░реНрдореВ рдЬрдирдЬрд╛рддреАрдп"", ""рд░рд╛рдорд╡рд┐рдЪрд╛рд░ рдиреЗрддрд╛рдо""]",[],[],[],[],[],,,Auto-generated from Parser V2 (Confidence: 0.95)
1991153205468918127,"рднрдЧрд╡рд╛рди рдмрд┐рд░рд╕рд╛ рдореБрдВрдбрд╛ рдХреА 150рд╡реАрдВ рдЬрдпрдВрддреА рдХреЗ рдЙрдкрд▓рдХреНрд╖реНрдп рдореЗрдВ рдЖрдпреЛрдЬрд┐рдд рдЬрдирдЬрд╛рддреАрдп рдЧреМрд░рд╡ рджрд┐рд╡рд╕ рдХрд╛рд░реНрдпрдХреНрд░рдо рдХреЗ рд▓рд┐рдП рдорд╣рд╛рдорд╣рд┐рдо рд░рд╛рд╖реНрдЯреНрд░рдкрддрд┐ рд╢реНрд░реАрдорддреА рджреНрд░реМрдкрджреА рдореБрд░реНрдореВ рдЬреА рдХреЗ рдЕрдВрдмрд┐рдХрд╛рдкреБрд░ рдЖрдЧрдорди рд╕реЗ рдкреВрд░реНрд╡, рдХреЗрдВрджреНрд░реАрдп рдЬрдирдЬрд╛рддреАрдп рдХрд╛рд░реНрдп рд░рд╛рдЬреНрдпрдордВрддреНрд░реА рдорд╛рдирдиреАрдп рд╢реНрд░реА рджреБрд░реНрдЧрд╛рджрд╛рд╕ рдЙрдЗрдХреЗ рдЬреА рдХреЗ рд╕рд╛рде рдХрд╛рд░реНрдпрдХреНрд░рдо рд╕реНрдерд▓ рдХреА рддреИрдпрд╛рд░рд┐рдпреЛрдВ рдХрд╛ рдЬрд╛рдпрдЬрд╛ рд▓рд┐рдпрд╛ред рдЗрд╕ рдЕрд╡рд╕рд░ рдкрд░ рдорд╛рдирдиреАрдп рдордВрддреНрд░реА рд╢реНрд░реА рд░рд╛рдорд╡рд┐рдЪрд╛рд░ рдиреЗрддрд╛рдо рдЬреА, рдорд╛рдирдиреАрдп рдордВрддреНрд░реА рд╢реНрд░реА рдХреЗрджрд╛рд░ рдХрд╢реНрдпрдк рдЬреА рд╕рд╣рд┐рдд рдЕрдиреНрдп рдЙрдкрд╕реНрдерд┐рдд рд░рд╣реЗред  @rashtrapatibhvn @DdUikey @ramvicharnetam @KedarKashyapBJP   #bhagwanbirsamunda150",рдзрд╛рд░реНрдорд┐рдХ / рд╕рд╛рдВрд╕реНрдХреГрддрд┐рдХ рдХрд╛рд░реНрдпрдХреНрд░рдо,2025-11-19,рдЕрдВрдмрд┐рдХрд╛рдкреБрд░,urban,Chhattisgarh,рд╕рд░рдЧреБрдЬрд╛,,,,,[],"[""рдХреЗрджрд╛рд░ рдХрд╢реНрдпрдк"", ""рджреБрд░реНрдЧрд╛рджрд╛рд╕ рдЙрдЗрдХреЗ"", ""рджреНрд░реМрдкрджреА рдореБрд░реНрдореВ"", ""рд░рд╛рдорд╡рд┐рдЪрд╛рд░ рдиреЗрддрд╛рдо""]",[],[],[],[],[],,,Auto-generated from Parser V2 (Confidence: 0.95)
1991103045321826387,рд╡реНрдпрд╛рдкрд╛рд░ рдХреА рддрд░рдХреНрдХреА рд╣реА рд░рд╛рдЬреНрдп рдХреА рд╢рдХреНрддрд┐...,рдЕрдиреНрдп,2025-11-19,рдЕрдВрдмрд┐рдХрд╛рдкреБрд░,urban,Chhattisgarh,рд╕рд░рдЧреБрдЬрд╛,,,,,[],[],[],[],[],[],[],,,Auto-generated from Parser V2 (Confidence: 0.6)
1991090533616525643,"рджреЗрд╢ рдХреА рдЖрдЬрд╛рджреА рдХреЗ рд▓рд┐рдП, рдЖрджрд┐рд╡рд╛рд╕реА рд╕рдореБрджрд╛рдп рдХреЗ рдЕрдзрд┐рдХрд╛рд░реЛрдВ рдХреЗ рд▓рд┐рдП, рднрдЧрд╡рд╛рди рдмрд┐рд░рд╕рд╛ рдореБрдВрдбрд╛ рдЬреА рдиреЗ рдЬреЛ рдпреЛрдЧрджрд╛рди рджрд┐рдпрд╛, рд╡рд╣ рдЕрддреБрд▓рдиреАрдп рд╣реИред - рдЖрджрд░рдгреАрдп рдкреНрд░рдзрд╛рдирдордВрддреНрд░реА рд╢реНрд░реА рдирд░реЗрдВрджреНрд░ рдореЛрджреА рдЬреА  @narendramodi  #bhagwanbirsamunda150",рдЕрдиреНрдп,2025-11-18,рдЕрдВрдмрд┐рдХрд╛рдкреБрд░,urban,Chhattisgarh,рд╕рд░рдЧреБрдЬрд╛,,,,,[],"[""рдирд░реЗрдВрджреНрд░ рдореЛрджреА""]",[],[],[],[],[],,,Auto-generated from Parser V2 (Confidence: 0.6)
1991072660504166542,рд╕реБрд╢рд╛рд╕рди рд╕рд░рдХрд╛рд░ рдХрд╛ рдЬрдирд╣рд┐рддрдХрд╛рд░реА рдлреИрд╕рд▓рд╛... рдорд╛рдирдиреАрдп рдореБрдЦреНрдпрдордВрддреНрд░реА рд╢реНрд░реА рд╡рд┐рд╖реНрдгреБ рджреЗрд╡ рд╕рд╛рдп рдЬреА рджреНрд╡рд╛рд░рд╛ 200 рдпреВрдирд┐рдЯ рддрдХ рдмрд┐рдЬрд▓реА рдмрд┐рд▓ рдЖрдзрд╛ рдХрд┐рдП рдЬрд╛рдиреЗ рд╕реЗ рдЖрдо рдЬрдирддрд╛ рдХреЛ рдмрдбрд╝реА рд░рд╛рд╣рдд рдорд┐рд▓реА рд╣реИред рдкреНрд░рджреЗрд╢ рдХреА рдКрд░реНрдЬрд╛ рдЖрддреНрдордирд┐рд░реНрднрд░рддрд╛ рдХреА рджрд┐рд╢рд╛ рдореЗрдВ рдпрд╣ рдПрдХ рд╕рд╢рдХреНрдд рдкрд╣рд▓ рд╣реИуАВ @vishnudsai,рдЕрдиреНрдп,2025-11-18,рдЕрдВрдмрд┐рдХрд╛рдкреБрд░,urban,Chhattisgarh,рд╕рд░рдЧреБрдЬрд╛,,,,,[],"[""рд╡рд┐рд╖реНрдгреБ рджреЗрд╡ рд╕рд╛рдп""]",[],[],[],[],[],,,Auto-generated from Parser V2 (Confidence: 0.6)
1991067653494976603,"рдЫрддреНрддреАрд╕рдЧрдврд╝ рд░рд╛рдЬреНрдп рдХреЗ рдЧреМрд░рд╡рд╢рд╛рд▓реА 25 рд╡рд░реНрд╖реЛрдВ рдХреА рд░рдЬрдд рдЬрдпрдВрддреА рдкрд░, рдкреНрд░рджреЗрд╢ рд╕рд░рдХрд╛рд░ рдЬрдирдХрд▓реНрдпрд╛рдг рдФрд░ рд╡рд┐рдХрд╛рд╕ рдХреЗ рдирдП рд╕рдВрдХрд▓реНрдк рдХреЗ рд╕рд╛рде рдЖрдЧреЗ рдмрдврд╝ рд░рд╣реА рд╣реИред рдЫрддреНрддреАрд╕рдЧрдврд╝ рдЧреГрд╣ рдирд┐рд░реНрдорд╛рдг рдордВрдбрд▓ рджреНрд╡рд╛рд░рд╛ рд╣рд░ рд╡рд░реНрдЧ рдХреЗ рд▓рд┐рдП рд╕реБрд▓рдн, рд╕реБрд░рдХреНрд╖рд┐рдд рдФрд░ рдХрд┐рдлрд╛рдпрддреА рдЖрд╡рд╛рд╕ рдЙрдкрд▓рдмреНрдз рдХрд░рд╛рдиреЗ рдХреА рджрд┐рд╢рд╛ рдореЗрдВ рдРрддрд┐рд╣рд╛рд╕рд┐рдХ рдкрд╣рд▓ рдХреА рдЬрд╛ рд░рд╣реА рд╣реИред",рдзрд╛рд░реНрдорд┐рдХ / рд╕рд╛рдВрд╕реНрдХреГрддрд┐рдХ рдХрд╛рд░реНрдпрдХреНрд░рдо,2025-11-18,рдЕрдВрдмрд┐рдХрд╛рдкреБрд░,urban,Chhattisgarh,рд╕рд░рдЧреБрдЬрд╛,,,,,[],[],[],[],[],[],[],,,Auto-generated from Parser V2 (Confidence: 0.85)
1991058854046793836,"рднрд╛рдЬрдкрд╛ рдХреА рджреВрд░рджрд░реНрд╢реА рдиреАрддрд┐рдпреЛрдВ рдиреЗ рдкреНрд░рджреЗрд╢ рдХреЗ рдЕрдиреНрдирджрд╛рддрд╛рдУрдВ рдХреЗ рдЬреАрд╡рди рдореЗрдВ рд╕рдореГрджреНрдзрд┐ рдХреЗ рдирдП рдЖрдпрд╛рдо рд╕реНрдерд╛рдкрд┐рдд рдХрд┐рдП рд╣реИрдВред 'рдХреГрд╖рдХ рдЙрдиреНрдирддрд┐ рдпреЛрдЬрдирд╛' рдХреЗ рдорд╛рдзреНрдпрдо рд╕реЗ рдЖрдпреЛрдЬрд┐рдд рдзрд╛рди рдЦрд░реАрджреА рддрд┐рд╣рд╛рд░ рдХрд┐рд╕рд╛рдиреЛрдВ рдХреА рдореЗрд╣рдирдд рдФрд░ рдЖрд╢рд╛ рдХрд╛ рдЙрддреНрд╕рд╡ рд╣реИред рд╣рдорд╛рд░реЗ рдЕрдиреНрдирджрд╛рддрд╛ рд╕рдореГрджреНрдз рд╣реЛрдВ, рдпрд╣реА рд╣рдорд╛рд░реА рд╕рд░рдХрд╛рд░ рдХреА рдкреНрд░рд╛рдердорд┐рдХрддрд╛ рд╣реИред  #рдХреГрд╖рдХ_рдЙрдиреНрдирддрд┐_рдпреЛрдЬрдирд╛",рдпреЛрдЬрдирд╛ рдШреЛрд╖рдгрд╛,2025-11-18,рдЕрдВрдмрд┐рдХрд╛рдкреБрд░,urban,Chhattisgarh,рд╕рд░рдЧреБрдЬрд╛,,,,,[],[],[],[],[],[],[],,,Auto-generated from Parser V2 (Confidence: 0.85)
1991047432881516620,"рдмреБрдВрджреЗрд▓реЗ рд╣рд░рдмреЛрд▓реЛрдВ рдХреЗ рдореБрдВрд╣ рд╣рдордиреЗ рд╕реБрдиреА рдХрд╣рд╛рдиреА рдереА,  рдЦреВрдм рд▓рдбрд╝реА рдорд░реНрджрд╛рдиреА, рд╡рд╣ рддреЛ рдЭрд╛рдВрд╕реА рд╡рд╛рд▓реА рд░рд╛рдиреА рдереАред  рднрд╛рд░рддреАрдп рд╕реНрд╡рддрдВрддреНрд░рддрд╛ рд╕рдВрдЧреНрд░рд╛рдо рдХреА рдорд╣рд╛рди рд╡реАрд░рд╛рдВрдЧрдирд╛ рддрдерд╛ рдирд╛рд░реА рд╢рдХреНрддрд┐ рдХреА рдкреНрд░рддреАрдХ рд░рд╛рдиреА рд▓рдХреНрд╖реНрдореАрдмрд╛рдИ рдЬреА рдХреА рдЬрдпрдВрддреА рдкрд░ рдХреЛрдЯрд┐ рдХреЛрдЯрд┐ рдирдордиред рдорд╛рддреГрднреВрдорд┐ рдХреА рд░рдХреНрд╖рд╛ рд╣реЗрддреБ рдЕрдкрдиреЗ рдкреНрд░рд╛рдгреЛрдВ рдХреА рдЖрд╣реБрддрд┐ рджреЗрдиреЗ рд╡рд╛рд▓реА рдорд╣рд╛рди рд╡реАрд░рд╛рдВрдЧрдирд╛ рд░рд╛рдиреА рд▓рдХреНрд╖реНрдореАрдмрд╛рдИ рдЬреА рдХрд╛ рдЬреАрд╡рди рдпреБрдЧреЛрдВ-рдпреБрдЧреЛрдВ рддрдХ рд╕рдореНрдкреВрд░реНрдг рджреЗрд╢рд╡рд╛рд╕рд┐рдпреЛрдВ рдХреЛ рд╕рд╛рд╣рд╕ рдФрд░ рд░рд╛рд╖реНрдЯреНрд░рднрдХреНрддрд┐ рдХрд╛ рдЕрдореВрд▓реНрдп рд╕рдВрджреЗрд╢ рджреЗрддрд╛ рд░рд╣реЗрдЧрд╛ред #RaniLakshm",рдзрд╛рд░реНрдорд┐рдХ / рд╕рд╛рдВрд╕реНрдХреГрддрд┐рдХ рдХрд╛рд░реНрдпрдХреНрд░рдо,2025-11-18,рдЕрдВрдмрд┐рдХрд╛рдкреБрд░,urban,Chhattisgarh,рд╕рд░рдЧреБрдЬрд╛,,,,,[],[],[],[],[],[],[],,,Auto-generated from Parser V2 (Confidence: 0.85)
1890405869168234731,"рджрд╛рдИ-рджреАрджреА рдЕрдК рд╕рдВрдЧрд╡рд╛рд░реА рдорди рдХреЗ рдордпрд╛-рджреБрд▓рд╛рд░, рдореЛрд░ рддрд╛рдХрдд",рдЕрдиреНрдп,2025-11-13,рдЕрдВрдмрд┐рдХрд╛рдкреБрд░,urban,Chhattisgarh,рд╕рд░рдЧреБрдЬрд╛,,,,,[],[],[],[],[],[],[],,,Auto-generated from Parser V2 (Confidence: 0.6)
1890378865639407799,рдЬрдм рдЕрдореЗрд░рд┐рдХрд╛ рдХреЗ рд░рд╛рд╖реНрдЯреНрд░рдкрддрд┐ рдбреЛрдирд╛рд▓реНрдб рдЯреНрд░рдВрдк рдиреЗ рдЖрджрд░рдгреАрдп рдкреНрд░рдзрд╛рдирдордВрддреНрд░реА рд╢реНрд░реА рдирд░реЗрдВрджреНрд░ рдореЛрджреА рдЬреА рд╕реЗ рдХрд╣рд╛ -,рдЕрдиреНрдп,2025-11-13,рдЕрдВрдмрд┐рдХрд╛рдкреБрд░,urban,Chhattisgarh,рд╕рд░рдЧреБрдЬрд╛,,,,,[],"[""рдбреЛрдирд╛рд▓реНрдб рдЯреНрд░рдВрдк рдиреЗ"", ""рдирд░реЗрдВрджреНрд░ рдореЛрджреА""]",[],[],[],[],[],,,Auto-generated from Parser V2 (Confidence: 0.6)
1890431461016080876,рднрд╛рд░рдд рд╡рд░реНрд╖ 2036 рдореЗрдВ рдУрд▓рдВрдкрд┐рдХ рдХреА рдореЗрдЬрдмрд╛рдиреА рдХреЗ рд▓рд┐рдП рддреИрдпрд╛рд░ рд╣реИред,рдЦреЗрд▓ / рдЧреМрд░рд╡,2025-11-13,рдЕрдВрдмрд┐рдХрд╛рдкреБрд░,urban,Chhattisgarh,рд╕рд░рдЧреБрдЬрд╛,,,,,[],[],[],[],[],[],[],,,Auto-generated from Parser V2 (Confidence: 0.85)
1890582740170391875,рдЖрдЬ рдХреЗ рдХрд╛рд░реНрдпрдХреНрд░рдоред https://t.co/zSK61exVRe,рдЕрдиреНрдп,2025-11-13,рдЕрдВрдмрд┐рдХрд╛рдкреБрд░,urban,Chhattisgarh,рд╕рд░рдЧреБрдЬрд╛,,,,,[],[],[],[],[],[],[],,,Auto-generated from Parser V2 (Confidence: 0.6)
1890589912568561852,"рдЫрддреНрддреАрд╕рдЧрдврд╝ рдХреА рдЬрдирддрд╛-рдЬрдирд╛рд░реНрджрди рднрд╛рдЬрдкрд╛ рдХреЗ рд╕рд╛рде рд╣реИ, рд▓реЗрдХрд┐рди...",рд░рд╛рдЬрдиреАрддрд┐рдХ рд╡рдХреНрддрд╡реНрдп,2025-11-13,рдЕрдВрдмрд┐рдХрд╛рдкреБрд░,urban,Chhattisgarh,рд╕рд░рдЧреБрдЬрд╛,,,,,[],[],[],[],[],[],[],,,Auto-generated from Parser V2 (Confidence: 0.85)
1890645345245266055,рд▓реИрд▓реВрдВрдЧрд╛ рдирдЧрд░ рдкрдВрдЪрд╛рдпрдд рдореЗрдВ рднрд╛рдЬрдкрд╛ рдЕрдзреНрдпрдХреНрд╖ рдкреНрд░рддреНрдпрд╛рд╢реА рд╢реНрд░реА рдХрдкрд┐рд▓ рд╕рд┐рдВрдШрд╛рдирд┐рдпрд╛ рдЬреА рдХреЛ 2484 рд╡реЛрдЯреЛрдВ рд╕реЗ рд╢рд╛рдирджрд╛рд░ рдЬреАрдд рдкрд░ рд╣рд╛рд░реНрджрд┐рдХ рдмрдзрд╛рдИ рдПрд╡рдВ рд╢реБрднрдХрд╛рдордирд╛рдпреЗрдВред https://t.co/4nuA28NXZo,рд╢реБрднрдХрд╛рдордирд╛ / рдмрдзрд╛рдИ,2025-11-13,рд▓реИрд▓реВрдВрдЧрд╛,urban,Chhattisgarh,рд░рд╛рдпрдЧреЭ,,,,,[],"[""рдХрдкрд┐рд▓ рд╕рд┐рдВрдШрд╛рдирд┐рдпрд╛"", ""рдкреНрд░рддреНрдпрд╛рд╢реА""]",[],[],[],[],[],,,Auto-generated from Parser V2 (Confidence: 0.95)
1890626286361448937,рдЦрд░рд╕рд┐рдпрд╛ рдирдЧрд░ рдкрд╛рд▓рд┐рдХрд╛ рдореЗрдВ рдЕрдзреНрдпрдХреНрд╖ рдкрдж рдкрд░ 2500 рд╕реЗ рдЕрдзрд┐рдХ рдХреЗ рдЕрдВрддрд░ рд╕реЗ рднрд╛рдЬрдкрд╛ рдХреА рд╢рд╛рдирджрд╛рд░ рдЬреАрддред 18 рдореЗрдВ рд╕реЗ 15 рднрд╛рдЬрдкрд╛ рдкрд╛рд░реНрд╖рдж рднреА рдЬреАрддреЗред,рд░рд╛рдЬрдиреАрддрд┐рдХ рд╡рдХреНрддрд╡реНрдп,2025-11-13,рдЦрд░рд╕рд┐рдпрд╛,urban,Chhattisgarh,рд░рд╛рдпрдЧреЭ,,,,,[],"[""рдкрдж рдкрд░""]",[],[],[],[],[],,,Auto-generated from Parser V2 (Confidence: 0.95)
1890629745915646432,рд░рд╛рдпрдЧрдврд╝ рдХреЗ рдкреБрд╕реМрд░ рдирдЧрд░ рдкрдВрдЪрд╛рдпрдд рдореЗрдВ рднрд╛рдЬрдкрд╛ рдХреА рдЕрдзреНрдпрдХреНрд╖ рдкреНрд░рддреНрдпрд╛рд╢реА рдорд╛рдиреА рдореЛрд╣рд┐рдд рд╕рддрдкрдереА рдЬреА рдПрд╡рдВ рд╕рднреА 10 рд╡рд┐рдЬрдпреА рдкрд╛рд░реНрд╖рджреЛрдВ рдХреЛ рдмрдзрд╛рдИред,рд╢реБрднрдХрд╛рдордирд╛ / рдмрдзрд╛рдИ,2025-11-13,рд░рд╛рдпрдЧрдврд╝,urban,Chhattisgarh,рд░рд╛рдпрдЧрдврд╝,,,,,[],"[""рдкреНрд░рддреНрдпрд╛рд╢реА рдорд╛рдиреА рдореЛрд╣рд┐рдд""]",[],[],[],[],[],,,Auto-generated from Parser V2 (Confidence: 0.95)
1890641564755460096,"рд░рд╛рд╖реНрдЯреНрд░реАрдп рд╕реНрд╡рдпрдВрд╕реЗрд╡рдХ рд╕рдВрдШ рдХреЗ рд╡рд░рд┐рд╖реНрда рд╕реНрд╡рдпрдВрд╕реЗрд╡рдХ, рдкреВрд░реНрд╡ рд░рд╛рдЬреНрдпрд╕рднрд╛ рд╕рджрд╕реНрдп рд╕реНрд╡. рд╢реНрд░реАрдЧреЛрдкрд╛рд▓ рд╡реНрдпрд╛рд╕ рдЬреА рдХреА рдЬрдпрдВрддреА рдкрд░ рд╕рд╛рджрд░ рдирдордиред рдЙрдирдХреЗ рдпреЛрдЧрджрд╛рди рдФрд░ рд╡рд┐рдЪрд╛рд░реЛрдВ рдиреЗ рд╕рдорд╛рдЬ рдореЗрдВ рдПрдХ рдирдИ рджрд┐рд╢рд╛ рджреА рд╡ рдЙрдирдХрд╛ рдЬреАрд╡рди рд╣рдо рд╕рднреА рдХреЗ рд▓рд┐рдП рдкреНрд░реЗрд░рдгрд╛ рдХрд╛ рд╕реНрд░реЛрдд рд╣реИред https://t.co/4YO2uxYmva",рдзрд╛рд░реНрдорд┐рдХ / рд╕рд╛рдВрд╕реНрдХреГрддрд┐рдХ рдХрд╛рд░реНрдпрдХреНрд░рдо,2025-11-13,рд░рд╛рдпрдЧрдврд╝,urban,Chhattisgarh,рд░рд╛рдпрдЧрдврд╝,,,,,[],[],[],[],[],[],[],,,Auto-generated from Parser V2 (Confidence: 0.85)
1890649138326388767,рд░рд╛рдпрдЧрдврд╝ рдФрд░ рдкреВрд░реЗ рдЫрддреНрддреАрд╕рдЧрдврд╝ рдХреА рдЬрдирддрд╛ рдЬрдирд╛рд░реНрджрди рдиреЗ рд╡рд┐рдХрд╛рд╕ рдХреЛ рдЖрд╢реАрд░реНрд╡рд╛рдж рджрд┐рдпрд╛ рд╣реИред рдЖрдкрдХрд╛ рдпрд╣ рд╕рдорд░реНрдерди рд╣рдореЗрдВ рдФрд░ рдЕрдзрд┐рдХ рд╕реЗрд╡рд╛ рд╡ рд╕рдорд░реНрдкрдг рдХреА рд╢рдХреНрддрд┐ рджреЗрддрд╛ рд╣реИред рд╣рдо рд░рд╛рдпрдЧрдврд╝ рдФрд░ рдкреНрд░рджреЗрд╢ рдореЗрдВ рд╡рд┐рдХрд╛рд╕ рдХреЛ рдирдИ рдКрдВрдЪрд╛рдЗрдпреЛрдВ рддрдХ рд▓реЗ рдЬрд╛рдиреЗ рдХреЗ рд▓рд┐рдП рдкреНрд░рддрд┐рдмрджреНрдз рд╣реИрдВред,рдЕрдиреНрдп,2025-11-13,рд░рд╛рдпрдЧрдврд╝,urban,Chhattisgarh,рд░рд╛рдпрдЧрдврд╝,,,,,[],[],[],[],[],[],[],,,Auto-generated from Parser V2 (Confidence: 0.7)
1890656118671618388,"рдирдЧрд░-рдирдЧрд░ рднрд╛рдЬрдкрд╛, рд╢рд╣рд░-рд╢рд╣рд░ рднрд╛рдЬрдкрд╛",рд░рд╛рдЬрдиреАрддрд┐рдХ рд╡рдХреНрддрд╡реНрдп,2025-11-13,рд░рд╛рдпрдЧрдврд╝,urban,Chhattisgarh,рд░рд╛рдпрдЧрдврд╝,,,,,[],[],[],[],[],[],[],,,Auto-generated from Parser V2 (Confidence: 0.85)
1890658841445949541,"рдЬрдирддрд╛ рдХрд╛ рд╡рд┐рд╢реНрд╡рд╛рд╕, рд╡рд┐рдХрд╛рд╕ рдХрд╛ рд╕рдВрдХрд▓реНрдк,рднрд╛рдЬрдкрд╛ рдХреА рдкрд╣рдЪрд╛рди",рд░рд╛рдЬрдиреАрддрд┐рдХ рд╡рдХреНрддрд╡реНрдп,2025-11-13,рд░рд╛рдпрдЧрдврд╝,urban,Chhattisgarh,рд░рд╛рдпрдЧрдврд╝,,,,,[],[],[],[],[],[],[],,,Auto-generated from Parser V2 (Confidence: 0.85)
1890697226474631322,"рд░рд╛рдпрдЧрдврд╝ рдирдЧрд░ рдирд┐рдЧрдо рдорд╣рд╛рдкреМрд░ рдЪреБрдирд╛рд╡ рдореЗрдВ рд╣рдо рд╕рднреА рдХреЗ рдЧреМрд░рд╡, рдЪрд╛рдп рд╡рд╛рд▓реЗ рднрд╛рдИ рдЬреАрд╡рд░реНрдзрди рдЪреМрд╣рд╛рди рдЬреА рдХреЛ 61% рд╡реЛрдЯ рд╢реЗрдпрд░ рдХреЗ рд╕рд╛рде рдЬрдирддрд╛ рдиреЗ рдЕрдкрд╛рд░ рд╕рдорд░реНрдерди рджрд┐рдпрд╛, рдЬрдмрдХрд┐ рдХрд╛рдВрдЧреНрд░реЗрд╕ рдХреЛ рдорд╛рддреНрд░ 23% рд╡реЛрдЯ рдорд┐рд▓реЗред рднрд╛рдЬрдкрд╛ рдХреЗ рд╕рдорд╕реНрдд рд╡рд┐рдЬрдпреА рдкрд╛рд░реНрд╖рджреЛрдВ рдХреЛ рднреА рд╣рд╛рд░реНрджрд┐рдХ рдмрдзрд╛рдИ рдПрд╡рдВ рд╢реБрднрдХрд╛рдордирд╛рдпреЗрдВред",рдЪреБрдирд╛рд╡ рдкреНрд░рдЪрд╛рд░,2025-11-13,рд░рд╛рдпрдЧрдврд╝,urban,Chhattisgarh,рд░рд╛рдпрдЧрдврд╝,,,,,[],[],[],[],[],[],[],,,Auto-generated from Parser V2 (Confidence: 0.95)
1890668447987576951,рд░рд╛рдпрдЧрдврд╝ рдХреА рдЬрдирддрд╛ рдЬрдирд╛рд░реНрджрди рдХрд╛ рдЖрд╢реАрд░реНрд╡рд╛рдж рдорд┐рд▓рдиреЗ рдХрд╛ рдкреВрд░реНрдг рд╡рд┐рд╢реНрд╡рд╛рд╕ рдерд╛ред рдмреАрддреЗ 1 рд╡рд░реНрд╖ рдореЗрдВ рд▓реЛрдЧреЛрдВ рдиреЗ рд╡рд┐рдХрд╛рд╕ рдХреА рд░рд╛рдЬрдиреАрддрд┐ рдХреЛ рджреЗрдЦрд╛ рд╣реИред рдЪрд╛рдп рдареЗрд▓рд╛ рдЪрд▓рд╛рдХрд░ рдИрдорд╛рдирджрд╛рд░реА рд╕реЗ рдЬреАрд╡рди рдпрд╛рдкрди рдХрд░рдиреЗ рд╡рд╛рд▓реЗ рд╢реНрд░реА рдЬреАрд╡рд░реНрдзрди рдЪреМрд╣рд╛рди рдЬреА рд╡ рднрд╛рдЬрдкрд╛ рдкрд╛рд░реНрд╖рджреЛрдВ рдХреЛ рдЬреЛ рдЖрд╢реАрд░реНрд╡рд╛рдж рдорд┐рд▓рд╛ рд╣реИред рд╣рдо рдЖрдЧреЗ рднреА рд▓реЛрдЧреЛрдВ рдХреА рдЖрд╢рд╛рдУрдВ рдХреЗ рдЕрдиреБрд░реВрдк рдХрд╛рд░реНрдп рдХрд░рддреЗ рд░рд╣реЗрдВрдЧреЗред https://t.co/Jvusnjeog4,рд░рд╛рдЬрдиреАрддрд┐рдХ рд╡рдХреНрддрд╡реНрдп,2025-11-13,рд░рд╛рдпрдЧрдврд╝,urban,Chhattisgarh,рд░рд╛рдпрдЧрдврд╝,,,,,[],"[""рдЬреАрд╡рд░реНрдзрди рдЪреМрд╣рд╛рди""]",[],[],[],[],[],,,Auto-generated from Parser V2 (Confidence: 0.95)
1890674297984692633,рдПрдХ рд╕рд╛рд▓ рдореЗрдВ рд╕реБрд╢рд╛рд╕рди рд╡ рд╡рд┐рдХрд╛рд╕ рдХреЛ рдкреВрд░реЗ рдкреНрд░рджреЗрд╢ рдореЗрдВ рдЬрдирддрд╛ рдХрд╛ рдЖрд╢реАрд░реНрд╡рд╛рдж рдорд┐рд▓рд╛ рд╣реИред рдирдЧрд░реАрдп рдирд┐рдХрд╛рдпреЛрдВ рдХреЗ рдЪреБрдирд╛рд╡ рдореЗрдВ рдмрд╕реНрддрд░ рд╕реЗ рд▓реЗрдХрд░ рд╕рд░рдЧреБрдЬрд╛ рддрдХ рдХрдорд▓ рдЦрд┐рд▓рд╛ рд╣реИред,рдЪреБрдирд╛рд╡ рдкреНрд░рдЪрд╛рд░,2025-11-13,рд╕рд░рдЧреБрдЬрд╛,district,Chhattisgarh,рд╕рд░рдЧреБрдЬрд╛,,,,,[],[],[],[],[],[],[],,,Auto-generated from Parser V2 (Confidence: 0.95)
1890683848494559625,61% рд╡реЛрдЯ рд╢реЗрдпрд░ рдХреЗ рд╕рд╛рде рдЪрд╛рдп рд╡рд╛рд▓реЗ рдЬреАрд╡рд░реНрдзрди рдЪреМрд╣рд╛рди рдХреА рд╢рд╛рдирджрд╛рд░ рдЬреАрдд тАж.,рдЕрдиреНрдп,2025-11-13,рд╕рд░рдЧреБрдЬрд╛,district,Chhattisgarh,рд╕рд░рдЧреБрдЬрд╛,,,,,[],[],[],[],[],[],[],,,Auto-generated from Parser V2 (Confidence: 0.6)
1890690777480610216,61% рд╡реЛрдЯ рд╢реЗрдпрд░ рдХреЗ рд╕рд╛рде рдЪрд╛рдп рд╡рд╛рд▓реЗ рдЬреАрд╡рд░реНрдзрди рдЪреМрд╣рд╛рди рдХреА рд╢рд╛рдирджрд╛рд░ рдЬреАрдд тАж.,рдЕрдиреНрдп,2025-11-13,рд╕рд░рдЧреБрдЬрд╛,district,Chhattisgarh,рд╕рд░рдЧреБрдЬрд╛,,,,,[],[],[],[],[],[],[],,,Auto-generated from Parser V2 (Confidence: 0.6)
1890662244972720535,рдкреНрд░рдпрд╛рдЧрд░рд╛рдЬ рдорд╣рд╛рдХреБрдВрдн рдореЗрдВ рд╕реНрдирд╛рди рдХреЗ рд▓рд┐рдП рдЬрд╛ рд░рд╣реЗ рдХреЛрд░рдмрд╛ рдХреЗ рд╢реНрд░рджреНрдзрд╛рд▓реБрдУрдВ рдХреА рдЧрд╛рдбрд╝реА рдкреНрд░рдпрд╛рдЧрд░рд╛рдЬ-рдорд┐рд░реНрдЬрд╛рдкреБрд░ рд╣рд╛рдИрд╡реЗ рдкрд░ рджреБрд░реНрдШрдЯрдирд╛рдЧреНрд░рд╕реНрдд рд╣реЛрдиреЗ рд╕реЗ 10 рд╢реНрд░рджреНрдзрд╛рд▓реБрдУрдВ рдХреЗ рдирд┐рдзрди рдХреА рдЦрдмрд░ рдЕрддреНрдпрдВрдд рджреБрдГрдЦрдж рд╣реИред,рдЖрдкрджрд╛ / рджреБрд░реНрдШрдЯрдирд╛,2025-11-13,рдкреНрд░рдпрд╛рдЧрд░рд╛рдЬ,urban,Chhattisgarh,рдкреНрд░рдпрд╛рдЧрд░рд╛рдЬ,,,,,[],[],[],[],[],[],[],,,Auto-generated from Parser V2 (Confidence: 0.95)
1890717291328799106,"рд░рд╛рдЬрдиреАрддрд┐ рдореЗрдВ 29 рд╕рд╛рд▓ рд╕реЗ рд╕рдХреНрд░рд┐рдп рд░рд╣рддреЗ рд╣реБрдП рднреА рдЪрд╛рдп рдареЗрд▓рд╛ рдЪрд▓рд╛рдХрд░ рдЖрддреНрдордирд┐рд░реНрднрд░ рдЬреАрд╡рди рдЬреАрдиреЗ рд╡рд╛рд▓реЗ рдЬреАрд╡рд░реНрдзрди рдЬреА рдХреЛ рдЬрдирддрд╛ рдиреЗ 61% рд╡реЛрдЯ рд╢реЗрдпрд░ рдХреЗ рд╕рд╛рде рдЬреЛ рдЖрд╢реАрд░реНрд╡рд╛рдж рджрд┐рдпрд╛ рд╣реИ, рдпрд╣ рд╣рдо рд╕рднреА рдХреЗ рд▓рд┐рдП рдЧреМрд░рд╡ рдХрд╛ рдХреНрд╖рдг рд╣реИред",рдЕрдиреНрдп,2025-11-13,рдкреНрд░рдпрд╛рдЧрд░рд╛рдЬ,urban,Chhattisgarh,рдкреНрд░рдпрд╛рдЧрд░рд╛рдЬ,,,,,[],[],[],[],[],[],[],,,Auto-generated from Parser V2 (Confidence: 0.6)
1890710779843813421,рдЫрддреНрддреАрд╕рдЧрдврд╝ рдХреЗ рд╕рднреА 10 рдирдЧрд░ рдирд┐рдЧрдореЛрдВ рдореЗрдВ рднрд╛рдЬрдкрд╛ рдХреЗ рдорд╣рд╛рдкреМрд░ рдкреНрд░рддреНрдпрд╛рд╢рд┐рдпреЛрдВ рдХреА рдРрддрд┐рд╣рд╛рд╕рд┐рдХ рдЬреАрдд рдкрд░ рд╣рд╛рд░реНрджрд┐рдХ рдмрдзрд╛рдИред,рд╢реБрднрдХрд╛рдордирд╛ / рдмрдзрд╛рдИ,2025-11-13,рдкреНрд░рдпрд╛рдЧрд░рд╛рдЬ,urban,Chhattisgarh,рдкреНрд░рдпрд╛рдЧрд░рд╛рдЬ,,,,,[],[],[],[],[],[],[],,,Auto-generated from Parser V2 (Confidence: 0.85)
1890723217054048339,рдЖрдЬ рд╕рд╛рд░рдВрдЧрдврд╝-рдмрд┐рд▓рд╛рдИрдЧрдврд╝ рдЬрд┐рд▓рд╛ рдкрдВрдЪрд╛рдпрдд рдХреНрд╖реЗрддреНрд░ рдХреНрд░рдорд╛рдВрдХ 1 рдХреЗ рд▓реБрдХрд╛рдкрд╛рд░рд╛ рдореЗрдВ рдЖрдпреЛрдЬрд┐рдд рдХрд╛рд░реНрдпрдХрд░реНрддрд╛ рд╕рдореНрдореЗрд▓рди рдореЗрдВ рдЙрдкрд╕реНрдерд┐рдд рд╕рд╛рдерд┐рдпреЛрдВ рдХреЛ рд╕рдВрдмреЛрдзрд┐рдд рдХрд┐рдпрд╛ рдПрд╡рдВ рднрд╛рдЬрдкрд╛ рд╕рдорд░реНрдерд┐рдд рдкреНрд░рддреНрдпрд╛рд╢реА рд╢реНрд░реАрдорддреА рд╕рд░рд┐рддрд╛ рдореБрд░рд╛рд░реА рдирд╛рдпрдХ рдЬреА рдХреЗ рд╕рдорд░реНрдерди рдореЗрдВ рдЕрдзрд┐рдХ рд╕реЗ рдЕрдзрд┐рдХ рдорддрджрд╛рди рдХреА рдЕрдкреАрд▓ рдХреАред,рдЪреБрдирд╛рд╡ рдкреНрд░рдЪрд╛рд░,2025-11-13,рд╕рд╛рд░рдВрдЧрдврд╝-рдмрд┐рд▓рд╛рдИрдЧрдврд╝,district,Chhattisgarh,рд╕рд╛рд░рдВрдЧрдврд╝-рдмрд┐рд▓рд╛рдИрдЧрдврд╝,,,,,[],"[""рд╕рд░рд┐рддрд╛ рдореБрд░рд╛рд░реА рдирд╛рдпрдХ""]",[],[],[],[],[],,,Auto-generated from Parser V2 (Confidence: 0.95)
1890746512356856010,рдЖрдЬ рд╕рд╛рд░рдВрдЧрдврд╝-рдмрд┐рд▓рд╛рдИрдЧрдврд╝ рдЬрд┐рд▓рд╛ рдкрдВрдЪрд╛рдпрдд рдХреНрд╖реЗрддреНрд░ рдХреНрд░рдорд╛рдВрдХ 9 рдХреЗ рдбрдирд╕рд░рд╛ рдореЗрдВ рдЖрдпреЛрдЬрд┐рдд рдХрд╛рд░реНрдпрдХрд░реНрддрд╛ рд╕рдореНрдореЗрд▓рди рдореЗрдВ рджреЗрд╡рддреБрд▓реНрдп рдХрд╛рд░реНрдпрдХрд░реНрддрд╛рдУрдВ рдХреЛ рдкреНрд░реЗрд░рд┐рдд рдХрд┐рдпрд╛ рдПрд╡рдВ рднрд╛рдЬрдкрд╛ рд╕рдорд░реНрдерд┐рдд рдкреНрд░рддреНрдпрд╛рд╢реА рд╢реНрд░реА рд╕рдВрдЬрдп рднреВрд╖рдг рдкрд╛рдгреНрдбреЗрдп рдЬреА рдХреЗ рд╕рдорд░реНрдерди рдореЗрдВ рдорддрджрд╛рди рдХреА рдЕрдкреАрд▓ рдХреАред,рдЪреБрдирд╛рд╡ рдкреНрд░рдЪрд╛рд░,2025-11-13,рд╕рд╛рд░рдВрдЧрдврд╝-рдмрд┐рд▓рд╛рдИрдЧрдврд╝,district,Chhattisgarh,рд╕рд╛рд░рдВрдЧрдврд╝-рдмрд┐рд▓рд╛рдИрдЧрдврд╝,,,,,[],"[""рд╕рдВрдЬрдп рднреВрд╖рдг рдкрд╛рдгреНрдбреЗрдп""]",[],[],[],[],[],,,Auto-generated from Parser V2 (Confidence: 0.95)
1890731294197223588,рдЖрдЬ рд╕рд╛рд░рдВрдЧрдврд╝-рдмрд┐рд▓рд╛рдИрдЧрдврд╝ рдЬрд┐рд▓рд╛ рдкрдВрдЪрд╛рдпрдд рдХреНрд╖реЗрддреНрд░ рдХреНрд░рдорд╛рдВрдХ 3 рдХреЗ рджреЗрд╡рдЧрд╛рдВрд╡ рд╡ рд░рд┐рд╕реЛрд░рд╛ рдореЗрдВ рдЖрдпреЛрдЬрд┐рдд рдХрд╛рд░реНрдпрдХрд░реНрддрд╛ рд╕рдореНрдореЗрд▓рди рдореЗрдВ рднрд╛рдЬрдкрд╛ рд╕рдорд░реНрдерд┐рдд рдкреНрд░рддреНрдпрд╛рд╢реА рдбреЙ. рдЕрднрд┐рд▓рд╛рд╖рд╛ рдХреИрд▓рд╛рд╢ рдирд╛рдпрдХ рдЬреА рдХреЗ рд╕рдорд░реНрдерди рдореЗрдВ рдЕрдкреАрд▓ рдХреАред,рд░рд╛рдЬрдиреАрддрд┐рдХ рд╡рдХреНрддрд╡реНрдп,2025-11-13,рд╕рд╛рд░рдВрдЧрдврд╝-рдмрд┐рд▓рд╛рдИрдЧрдврд╝,district,Chhattisgarh,рд╕рд╛рд░рдВрдЧрдврд╝-рдмрд┐рд▓рд╛рдИрдЧрдврд╝,,,,,[],"[""рдЕрднрд┐рд▓рд╛рд╖рд╛ рдХреИрд▓рд╛рд╢ рдирд╛рдпрдХ""]",[],[],[],[],[],,,Auto-generated from Parser V2 (Confidence: 0.95)
1890769087506079838,рдЖрдЬ рдирдЧрд░реАрдп рдирд┐рдХрд╛рдп рдЪреБрдирд╛рд╡ рдореЗрдВ рднрд╛рдЬрдкрд╛ рдХреЛ рдорд┐рд▓реА рд╢рд╛рдирджрд╛рд░ рдЬреАрдд рдХреЗ рд╕рдВрджрд░реНрдн рдореЗрдВ рдЪрд░реНрдЪрд╛ рдХрд░рдиреЗ рдХреЗ рд▓рд┐рдП рд░рд╛рдд 8 рдмрдЬреЗ рд╡рд┐рд╕реНрддрд╛рд░ рдиреНрдпреВрдЬ рдкрд░ рдЙрдкрд╕реНрдерд┐рдд рд░рд╣реВрдВрдЧрд╛ред https://t.co/BypjDlnN1f,рдЪреБрдирд╛рд╡ рдкреНрд░рдЪрд╛рд░,2025-11-13,рдирдЧрд░реА,urban,Chhattisgarh,рдзрдорддрд░реА,,,,,[],[],[],[],[],[],[],,,Auto-generated from Parser V2 (Confidence: 0.95)
1890770192218698177,@Vikasgupta722 @vishnudsai @KiranDeoBJP @NitinNabin @shivprakashbjp @BJP4CGState Thanks,рдЕрдиреНрдп,2025-11-13,рдирдЧрд░реА,urban,Chhattisgarh,рдзрдорддрд░реА,,,,,[],[],[],[],[],[],[],,,Auto-generated from Parser V2 (Confidence: 0.6)
1890792274662936751,рдирдЧрд░реАрдп рдирд┐рдХрд╛рдп рдЪреБрдирд╛рд╡ рдореЗрдВ рднрд╛рдЬрдкрд╛ рдХреЛ рдорд┐рд▓реА рд╢рд╛рдирджрд╛рд░ рдЬреАрдд рдХреЗ рдмрд╛рдж рдорд╛рдирдиреАрдп рдореБрдЦреНрдпрдордВрддреНрд░реА рд╢реНрд░реА рд╡рд┐рд╖реНрдгреБ рджреЗрд╡ рд╕рд╛рдп рдЬреА рд╕реЗ рдореБрд▓рд╛рдХрд╛рдд рдХрд░ рдмрдзрд╛рдИ рдПрд╡рдВ рд╢реБрднрдХрд╛рдордирд╛рдпреЗрдВ рджреАрдВред,рдмреИрдардХ,2025-11-13,рдирдЧрд░реА,urban,Chhattisgarh,рдзрдорддрд░реА,,,,,[],"[""рд╡рд┐рд╖реНрдгреБ рджреЗрд╡ рд╕рд╛рдп""]",[],[],[],[],[],,,Auto-generated from Parser V2 (Confidence: 0.95)
1890801577444647013,рдирдЧрд░реАрдп рдирд┐рдХрд╛рдп рдЪреБрдирд╛рд╡ рдореЗрдВ рднрд╛рдЬрдкрд╛ рдХреА рд╢рд╛рдирджрд╛рд░ рдЬреАрдд рдЬрдирддрд╛ рдЬрдирд╛рд░реНрджрди рдХреЗ рд╡рд┐рд╢реНрд╡рд╛рд╕ рдХрд╛ рдкрд░рд┐рдгрд╛рдо рд╣реИред рдореЛрджреА рдХреА рдЧрд╛рд░рдВрдЯреА рдХреЗ рддрд╣рдд рд╣рдорд╛рд░реА рд╕рд░рдХрд╛рд░ рдХреЗ рдПрдХ рд╕рд╛рд▓ рдХреЗ рдХрд╛рд░реНрдпреЛрдВ рдиреЗ рдЗрд╕ рднрд░реЛрд╕реЗ рдХреЛ рдФрд░ рдордЬрдмреВрдд рдХрд┐рдпрд╛ рд╣реИред рдпрд╣ рдЬреАрдд рд╡рд┐рдХрд╛рд╕ рдПрд╡рдВ рд╕реБрд╢рд╛рд╕рди рдХреА рдЬреАрдд рд╣реИред,рдЪреБрдирд╛рд╡ рдкреНрд░рдЪрд╛рд░,2025-11-13,рдирдЧрд░реА,urban,Chhattisgarh,рдзрдорддрд░реА,,,,,[],[],[],[],[],[],[],,,Auto-generated from Parser V2 (Confidence: 0.95)
1890810183602819115,"рд░рд╛рдпрдЧрдврд╝ рдХреЗ рдирд╡рдирд┐рд░реНрд╡рд╛рдЪрд┐рдд рдорд╣рд╛рдкреМрд░ рднрд╛рдИ рдЬреАрд╡рд░реНрдзрди рдЪреМрд╣рд╛рди рдЬреА рд╕рд░рд▓рддрд╛, рд╕рд╣рдЬрддрд╛ рд╡ рд╡рд┐рдирдореНрд░рддрд╛ рдХреА рдорд┐рд╕рд╛рд▓ рд╣реИрдВред 29 рд╕рд╛рд▓ рд╕реЗ рд░рд╛рдЬрдиреАрддрд┐ рдореЗрдВ рд╕рдХреНрд░рд┐рдп рд░рд╣рдиреЗ рдХреЗ рдмрд╛рд╡рдЬреВрдж рдЪрд╛рдп рдмреЗрдЪрдХрд░ рдИрдорд╛рдирджрд╛рд░реА рд╕реЗ рдЬреАрд╡рди рдпрд╛рдкрди рдХрд░ рд░рд╣реЗ рд╣реИрдВред рдЙрдирдХреА рдЬреАрдд рдореЗрдВ рдЕрдВрддрд┐рдо рдкрдВрдХреНрддрд┐ рдХреЗ рд╡реНрдпрдХреНрддрд┐ рдХрд╛ рд╕рдореНрдорд╛рди рд╣реИред",рд╕рдореНрдорд╛рди / Felicitation,2025-11-13,рд░рд╛рдпрдЧрдврд╝,urban,Chhattisgarh,рд░рд╛рдпрдЧрдврд╝,,,,,[],[],[],[],[],[],[],,,Auto-generated from Parser V2 (Confidence: 0.95)
1890822127000907851,рд╣рдо рд╡рд┐рддреНрддреАрдп рдЕрдиреБрд╢рд╛рд╕рди рдХреЗ рд╕рд╛рде рдорд╛рддрд╛-рдмрд╣рдиреЛрдВ рдХреЛ рдЖрддреНрдордирд┐рд░реНрднрд░ рд╡ рдХрд┐рд╕рд╛рдиреЛрдВ рдХреЛ рд╕рдореГрджреНрдз рдмрдирд╛ рд░рд╣реЗ рд╣реИрдВред рддреЗрдЬреА рд╕реЗ рд╡рд┐рдХрд╛рд╕ рд╣реЛ рд░рд╣реЗ рд╣реИрдВред рдХрд╛рдВрдЧреНрд░реЗрд╕ рднреНрд░рд╖реНрдЯрд╛рдЪрд╛рд░рд┐рдпреЛрдВ рдХреА рдЬреЗрдмреЗрдВ рднрд░рдиреЗ рдХрд╛ рдХрд╛рдо рдХрд░рддреА рдереАред рдЬрд┐рд╕рд╕реЗ рдЦрдЬрд╛рдиреЗ рдХреЛ рдиреБрдХрд╕рд╛рди рд╣реЛрддрд╛ рдерд╛ред рдЕрдм рдЦрдЬрд╛рдиреЗ рдореЗрдВ рдкреИрд╕реЗ рдЖ рд░рд╣реЗ рд╣реИрдВред,рд░рд╛рдЬрдиреАрддрд┐рдХ рд╡рдХреНрддрд╡реНрдп,2025-11-13,рд░рд╛рдпрдЧрдврд╝,urban,Chhattisgarh,рд░рд╛рдпрдЧрдврд╝,,,,,[],[],[],[],[],[],[],,,Auto-generated from Parser V2 (Confidence: 0.85)
1890823749525496076,"рдХрд╛рдВрдЧреНрд░реЗрд╕ рдбреВрдмрддреА рдирд╛рд╡ рд╣реИ рдФрд░ рднрд╛рдЬрдкрд╛ рдХреЗ рд╕реБрд╢рд╛рд╕рди рдХреЗ рдХрд╛рд░рдг рд╣рдореЗрдВ рдЬрдирддрд╛ рдХрд╛ рдЖрд╢реАрд░реНрд╡рд╛рдж рд▓рдЧрд╛рддрд╛рд░ рдорд┐рд▓ рд░рд╣рд╛ рд╣реИред рдЬрдирддрд╛ рдиреЗ рдХрд╛рдВрдЧреНрд░реЗрд╕ рдХреЗ рднреНрд░рд╖реНрдЯрд╛рдЪрд╛рд░, рдкрд░рд┐рд╡рд╛рд░рд╡рд╛рдж рдХреЛ рдирдХрд╛рд░ рджрд┐рдпрд╛ рдФрд░ рдпрд╣ рддреБрд╖реНрдЯрд┐рдХрд░рдг рд╡ рд╕рддреНрддрд╛ рдХреЗ рджреБрд░реБрдкрдпреЛрдЧ рдХреА рд░рд╛рдЬрдиреАрддрд┐ рдХрд╛ рдХрд░рд╛рд░рд╛ рдЬрд╡рд╛рдм рд╣реИред",рд░рд╛рдЬрдиреАрддрд┐рдХ рд╡рдХреНрддрд╡реНрдп,2025-11-13,рд░рд╛рдпрдЧрдврд╝,urban,Chhattisgarh,рд░рд╛рдпрдЧрдврд╝,,,,,[],[],[],[],[],[],[],,,Auto-generated from Parser V2 (Confidence: 0.85)
1890834922476023991,"рдЖрджрд░рдгреАрдп рд░рд╛рд╖реНрдЯреНрд░реАрдп рдЕрдзреНрдпрдХреНрд╖ рд╢реНрд░реА рдЬрдЧрдд рдкреНрд░рдХрд╛рд╢ рдирдбреНрдбрд╛ рдЬреА, рд╢реБрднрдХрд╛рдордирд╛рдУрдВ рдХреЗ рд▓рд┐рдП рдЖрднрд╛рд░ред",рд╢реБрднрдХрд╛рдордирд╛ / рдмрдзрд╛рдИ,2025-11-13,рд░рд╛рдпрдЧрдврд╝,urban,Chhattisgarh,рд░рд╛рдпрдЧрдврд╝,,,,,[],"[""рдЬрдЧрдд рдкреНрд░рдХрд╛рд╢ рдирдбреНрдбрд╛""]",[],[],[],[],[],,,Auto-generated from Parser V2 (Confidence: 0.85)
1891074904772030598,рд╣рд░рд┐рдд рднрд╡рд┐рд╖реНрдп рдХреА рджрд┐рд╢рд╛ рдореЗрдВ рдЕрдЧреНрд░рд╕рд░ рднрд╛рд░рдд!,рдЕрдиреНрдп,2025-11-13,рд░рд╛рдпрдЧрдврд╝,urban,Chhattisgarh,рд░рд╛рдпрдЧрдврд╝,,,,,[],[],[],[],[],[],[],,,Auto-generated from Parser V2 (Confidence: 0.6)
1890939965707620570,"рднрдХреНрддрд┐, рдЖрдзреНрдпрд╛рддреНрдо, рдЖрд╕реНрдерд╛, рд╕рдВрд╕реНрдХреГрддрд┐, рд╕рдВрд╕реНрдХрд╛рд░, рд╕рдорд░реНрдкрдг рд╡ рдПрдХрддрд╛ рдХрд╛ рдЕрдиреБрдкрдо рд╕рдВрдЧрдо рдорд╣рд╛рдХреБрдВрдн...",рдЕрдиреНрдп,2025-11-13,рд░рд╛рдпрдЧрдврд╝,urban,Chhattisgarh,рд░рд╛рдпрдЧрдврд╝,,,,,[],[],[],[],[],[],[],,,Auto-generated from Parser V2 (Confidence: 0.6)
1890966091284803641,"рдЖрджрд░рдгреАрдп рдкреНрд░рдзрд╛рдирдордВрддреНрд░реА рд╢реНрд░реА рдирд░реЗрдВрджреНрд░ рдореЛрджреА рдЬреА рдХрд╛ рд╕рдВрдХрд▓реНрдк рд╣реИ рдХрд┐ 2047 рддрдХ рднрд╛рд░рдд рд╡рд┐рдХрд╕рд┐рдд рд░рд╛рд╖реНрдЯреНрд░ рдмрдиреЗрдЧрд╛ред рдЗрд╕реА рд▓рдХреНрд╖реНрдп рдХреЗ рддрд╣рдд рдЫрддреНрддреАрд╕рдЧрдврд╝ рдХреЗ рд▓рд┐рдП рд░реЛрдбрдореИрдк рдФрд░ рд╡рд┐рдЬрди рдбреЙрдХреНрдпреВрдореЗрдВрдЯ рддреИрдпрд╛рд░ рдХрд┐рдпрд╛ рдЧрдпрд╛ рд╣реИ, рдЬрд┐рд╕рд╕реЗ рд░рд╛рдЬреНрдп рдХреЛ рдкреНрд░рдЧрддрд┐рд╢реАрд▓ рдмрдирд╛рдпрд╛ рдЬрд╛рдПрдЧрд╛ред рднрд╛рд░рдд рдХреА рдЕрд░реНрдерд╡реНрдпрд╡рд╕реНрдерд╛ рдЖрдЬ 3.7 рдЯреНрд░рд┐рд▓рд┐рдпрди рдбреЙрд▓рд░ рд╣реИ рдФрд░ 23 рд╕рд╛рд▓ рдмрд╛рдж рдЗрд╕рдХрд╛ рдЖрдХрд╛рд░ https://t.co/V9KrvkqErL",рдЕрдиреНрдп,2025-11-13,рд░рд╛рдпрдЧрдврд╝,urban,Chhattisgarh,рд░рд╛рдпрдЧрдврд╝,,,,,[],"[""рдирд░реЗрдВрджреНрд░ рдореЛрджреА""]",[],[],[],[],[],,,Auto-generated from Parser V2 (Confidence: 0.6)
1890980481052610710,https://t.co/BIqqTkWSPv,рдЕрдиреНрдп,2025-11-13,рд░рд╛рдпрдЧрдврд╝,urban,Chhattisgarh,рд░рд╛рдпрдЧрдврд╝,,,,,[],[],[],[],[],[],[],,,Auto-generated from Parser V2 (Confidence: 0.6)
1891026946869395647,"рдЖрджрд░рдгреАрдп рдкреНрд░рджреЗрд╢ рдкреНрд░рднрд╛рд░реА рд╢реНрд░реА рдирд┐рддрд┐рди рдирдмреАрди рдЬреА, рдЖрдкрдХреА рд╢реБрднрдХрд╛рдордирд╛рдУрдВ рдХреЗ рд▓рд┐рдП рдЖрднрд╛рд░ред https://t.co/ilOqbIVbQH",рд╢реБрднрдХрд╛рдордирд╛ / рдмрдзрд╛рдИ,2025-11-13,рд░рд╛рдпрдЧрдврд╝,urban,Chhattisgarh,рд░рд╛рдпрдЧрдврд╝,,,,,[],"[""рдирд┐рддрд┐рди рдирдмреАрди""]",[],[],[],[],[],,,Auto-generated from Parser V2 (Confidence: 0.85)
1890835421728497891,"рдЖрджрд░рдгреАрдп рд╢реНрд░реА рдЕрдорд┐рдд рд╢рд╛рд╣ рдЬреА, рдЖрдкрдХреА рд╢реБрднрдХрд╛рдордирд╛рдУрдВ рдХреЗ рд▓рд┐рдП рд╣реГрджрдп рд╕реЗ рдЖрднрд╛рд░ред",рд╢реБрднрдХрд╛рдордирд╛ / рдмрдзрд╛рдИ,2025-11-13,рд░рд╛рдпрдЧрдврд╝,urban,Chhattisgarh,рд░рд╛рдпрдЧрдврд╝,,,,,[],"[""рдЕрдорд┐рдд рд╢рд╛рд╣""]",[],[],[],[],[],,,Auto-generated from Parser V2 (Confidence: 0.85)
1891087900294447372,"рднрд╛рдЬрдкрд╛ рдХреА рд▓рд╣рд░ рд╕рд░рдЧреБрдЬрд╛ рд╕реЗ рд▓реЗрдХрд░ рдмрд╕реНрддрд░ рддрдХ рдкреВрд░реЗ рдЫрддреНрддреАрд╕рдЧрдврд╝ рдореЗрдВ рдорд╣рд╕реВрд╕ рдХреА рдЬрд╛ рд░рд╣реА рд╣реИред рдорд╛рдирдиреАрдп рдореБрдЦреНрдпрдордВрддреНрд░реА рд╢реНрд░реА рд╡рд┐рд╖реНрдгреБ рджреЗрд╡ рд╕рд╛рдп рдЬреА рдХреЗ рдиреЗрддреГрддреНрд╡ рдореЗрдВ рд╡рд┐рдХрд╛рд╕, рд╕реБрд╢рд╛рд╕рди рдФрд░ рдЖрд╢реАрд░реНрд╡рд╛рдж рдХреА рдКрд░реНрдЬрд╛ рдкреНрд░рдореБрдЦ рд░рд╣реА рд╣реИред рднрд╛рдЬрдкрд╛ рдЖрдиреЗ рд╡рд╛рд▓реЗ рд╡рд░реНрд╖реЛрдВ рдореЗрдВ рд╡рд┐рдХрд╛рд╕ рдХреЗ рдирдП рдХреАрд░реНрддрд┐рдорд╛рди рд╕реНрдерд╛рдкрд┐рдд рдХрд░реЗрдЧреА рдФрд░ рдирдП рдКрдБрдЪрд╛рдЗрдпреЛрдВ рддрдХ рдкрд╣реБрдВрдЪреЗрдЧреАред https://t.co/eN7KIq9gIX",рд░рд╛рдЬрдиреАрддрд┐рдХ рд╡рдХреНрддрд╡реНрдп,2025-11-13,рд╕рд░рдЧреБрдЬрд╛,district,Chhattisgarh,рд╕рд░рдЧреБрдЬрд╛,,,,,[],"[""рд╡рд┐рд╖реНрдгреБ рджреЗрд╡ рд╕рд╛рдп""]",[],[],[],[],[],,,Auto-generated from Parser V2 (Confidence: 0.95)
1891368503900283388,"рдЖрджрд░рдгреАрдп рд╢рд┐рд╡ рдкреНрд░рдХрд╛рд╢ рдЬреА, рдЖрдкрдХреЗ рдЙрддреНрд╕рд╛рд╣рд╡рд░реНрдзрди рд░реВрдкреА рдЖрд╢реАрд░реНрд╡рдЪрди рдХреЗ рд▓рд┐рдП рдЖрднрд╛рд░ред рднрд╛рдЬрдкрд╛ рдореЗрдВ рд╣реА рдПрдХ рд╕рд╛рдзрд╛рд░рдг рдХрд╛рд░реНрдпрдХрд░реНрддрд╛ рдореЗрд╣рдирдд, рд╕реЗрд╡рд╛ рд╡ рд╕рдорд░реНрдкрдг рд╕реЗ рдЕрд╕рд╛рдзрд╛рд░рдг рдЙрдкрд▓рдмреНрдзрд┐рдпрд╛рдБ рд╣рд╛рд╕рд┐рд▓ рдХрд░ рд╕рдХрддрд╛ рд╣реИред рд░рд╛рдпрдЧрдврд╝ рдореЗрдВ рднрд╛рдИ рдЬреАрд╡рд░реНрдзрди рдЪреМрд╣рд╛рди рдЬреА рдХреА рдРрддрд┐рд╣рд╛рд╕рд┐рдХ рдЬреАрдд рдпрд╣реА рджрд░реНрд╢рд╛рддреА рд╣реИред https://t.co/IIDesEhfUW",рд░рд╛рдЬрдиреАрддрд┐рдХ рд╡рдХреНрддрд╡реНрдп,2025-11-13,рд░рд╛рдпрдЧрдврд╝,urban,Chhattisgarh,рд░рд╛рдпрдЧрдврд╝,,,,,[],[],[],[],[],[],[],,,Auto-generated from Parser V2 (Confidence: 0.95)
1891352637410357412,рд░рд╛рдЬрд┐рдо рдХреБрдВрдн рдХрд▓реНрдк 2025 - рдЧрдВрдЧрд╛ рдЖрд░рддреА https://t.co/ex54lhS9zE,рдзрд╛рд░реНрдорд┐рдХ / рд╕рд╛рдВрд╕реНрдХреГрддрд┐рдХ рдХрд╛рд░реНрдпрдХреНрд░рдо,2025-11-13,рд░рд╛рдЬрд┐рдо,urban,Chhattisgarh,рдЧрд░рд┐рдпрд╛рдмрдВрдж,,,,,[],[],[],[],[],[],[],,,Auto-generated from Parser V2 (Confidence: 0.95)
1891316618036195608,"рдХрд╛рдВрдЧреНрд░реЗрд╕ рдореЗрдВ рдХрд▓рд╣ рдЪрд░рдо рдкрд░ рд╣реИред рдкрд╣рд▓реЗ рдЬрдп-рд╡реАрд░реВ рдореЗрдВ рдЯрдХрд░рд╛рд╡ рдерд╛, рдЕрдм рдорд╛рдорд▓рд╛ рдЪрддреБрд╖реНрдХреЛрдгреАрдп рд╣реЛ рдЧрдпрд╛ рд╣реИред рд╕рднреА рдиреЗрддрд╛ рдмрдпрд╛рдирдмрд╛рдЬреА рдореЗрдВ рдХреВрдж рдкрдбрд╝реЗ рд╣реИрдВред рдпрд╣ рд╕рд╛рдл рдЗрд╢рд╛рд░рд╛ рдХрд░ рд░рд╣реА рд╣реИ рдХрд┐ рдХрд╛рдВрдЧреНрд░реЗрд╕ рдбреВрдмрддреА рдирд╛рд╡ рд╣реЛ рдЧрдИ рд╣реИред https://t.co/ZfyvdTdbAM",рд░рд╛рдЬрдиреАрддрд┐рдХ рд╡рдХреНрддрд╡реНрдп,2025-11-13,рд░рд╛рдЬрд┐рдо,urban,Chhattisgarh,рдЧрд░рд┐рдпрд╛рдмрдВрдж,,,,,[],[],[],[],[],[],[],,,Auto-generated from Parser V2 (Confidence: 0.85)
1891329251187564696,"рд╕рд╛рдорд╛рдЬрд┐рдХ рдиреНрдпрд╛рдп рд╡ рд╡рдВрдЪрд┐рддреЛрдВ рдХреЗ рдЕрдзрд┐рдХрд╛рд░реЛрдВ рдХреА рдЕрд▓рдЦ рдЬрдЧрд╛рдиреЗ рд╡рд╛рд▓реЗ рднрд╛рд░рдд рд░рддреНрди рдХрд░реНрдкреВрд░реА рдард╛рдХреБрд░ рдЬреА рдХрд╛ рд╕рдВрдкреВрд░реНрдг рдЬреАрд╡рди рд╕рд╛рджрдЧреА, рдИрдорд╛рдирджрд╛рд░реА рдПрд╡рдВ рдЬрдирд╕реЗрд╡рд╛ рдХрд╛ рдкреНрд░рддреАрдХ рд░рд╣рд╛ред рд╡реЗ рд╕рджреИрд╡ рдПрдХ рдЖрджрд░реНрд╢ рд░рд╛рдЬрдиреЗрддрд╛ рдХреЗ рд░реВрдк рдореЗрдВ рд╕реНрдорд░рдгреАрдп рд░рд╣реЗрдВрдЧреЗред",рдЕрдиреНрдп,2025-11-13,рд░рд╛рдЬрд┐рдо,urban,Chhattisgarh,рдЧрд░рд┐рдпрд╛рдмрдВрдж,,,,,[],[],[],[],[],[],[],,,Auto-generated from Parser V2 (Confidence: 0.6)
1891341533288268158,"рдЖрд╕реНрдерд╛ рдФрд░ рдЕрдзреНрдпрд╛рддреНрдо рдХреЗ рд╕рдВрдЧрдо рд╕реЗ рдЬреБрдбрд╝ рд░рд╣рд╛ рд╣реИ рднрд╛рд░рдд,",рдЕрдиреНрдп,2025-11-13,рд░рд╛рдЬрд┐рдо,urban,Chhattisgarh,рдЧрд░рд┐рдпрд╛рдмрдВрдж,,,,,[],[],[],[],[],[],[],,,Auto-generated from Parser V2 (Confidence: 0.6)
1891375516411666875,"рдЖрджрд░рдгреАрдп рдкреНрд░рдзрд╛рдирдордВрддреНрд░реА рд╢реНрд░реА рдирд░реЗрдВрджреНрд░ рдореЛрджреА рдЬреА рдХреЗ рд╡рд┐рдХрд╕рд┐рдд рднрд╛рд░рдд рдХреА рд╕рдВрдХрд▓реНрдкрдирд╛ рдХреЗ рд╕рд╛рде, рдЫрддреНрддреАрд╕рдЧрдврд╝ рднреА 2047 рддрдХ рд╡рд┐рдХрд╕рд┐рдд рдЫрддреНрддреАрд╕рдЧрдврд╝ рдмрдирдиреЗ рдХреА рджрд┐рд╢рд╛ рдореЗрдВ рдЖрдЧреЗ рдмрдврд╝ рд░рд╣рд╛ рд╣реИред рдЕрдореГрддрдХрд╛рд▓ рдЫрддреНрддреАрд╕рдЧрдврд╝ рд╡рд┐рдЬрди @ 2047 рдЗрд╕ рд▓рдХреНрд╖реНрдп рдХреЛ рд╕рд╛рдХрд╛рд░ рдХрд░рдиреЗ рдХреЗ рд▓рд┐рдП рдкреНрд░рддрд┐рдмрджреНрдз рд╣реИред",рдЕрдиреНрдп,2025-11-13,рд░рд╛рдЬрд┐рдо,urban,Chhattisgarh,рдЧрд░рд┐рдпрд╛рдмрдВрдж,,,,,[],"[""рдирд░реЗрдВрджреНрд░ рдореЛрджреА""]",[],[],[],[],[],,,Auto-generated from Parser V2 (Confidence: 0.6)
1891379037894824358,"рдЫрддреНрддреАрд╕рдЧрдврд╝ рдХреЗ рдмрдЬрдЯ рдореЗрдВ рд░рд╛рдЬреНрдп рдХреА рдЬрдирддрд╛ рдЬрдирд╛рд░реНрджрди рдХреЛ рдЕрдзрд┐рдХрд╛рдзрд┐рдХ рд▓рд╛рдн рдорд┐рд▓ рд╕рдХреЗ, рдЗрд╕рдХрд╛ рдкреНрд░рдпрд╛рд╕ рд╣рдордиреЗ рдкрд┐рдЫрд▓реЗ рд╕рд╡рд╛ рд╕рд╛рд▓ рдореЗрдВ рдХрд┐рдпрд╛ рд╣реИред рдЖрдиреЗ рд╡рд╛рд▓реЗ рд╕рдордп рдореЗрдВ рднреА рд╣рдорд╛рд░рд╛ рдпрд╣реА рд╕рдВрдХрд▓реНрдк рд░рд╣реЗрдЧрд╛ рдХрд┐ рд╣рд░ рдпреЛрдЬрдирд╛ рд╡ рд╣рд░ рдирд┐рд░реНрдгрдп рдЬрдирддрд╛ рдХреЗ рд╣рд┐рдд рдореЗрдВ рд╣реЛред https://t.co/gVWO2cFMPy",рдпреЛрдЬрдирд╛ рдШреЛрд╖рдгрд╛,2025-11-13,рд░рд╛рдЬрд┐рдо,urban,Chhattisgarh,рдЧрд░рд┐рдпрд╛рдмрдВрдж,,,,,[],[],[],[],[],[],[],,,Auto-generated from Parser V2 (Confidence: 0.85)
1891387657889997006,"рдЖрдЬ рдорд╣рд╛рдирджреА рднрд╡рди, рдордВрддреНрд░рд╛рд▓рдп рдореЗрдВ рд╡рд░реНрд╖ 2025-26 рдХреЗ рдмрдЬрдЯ рд╡ рдирд╡реАрди рдордж рдкреНрд░рд╕реНрддрд╛рд╡реЛрдВ рдкрд░ рдордВрддреНрд░реА рд╕реНрддрд░реАрдп рдЪрд░реНрдЪрд╛ рдХреЗ рддрд╣рдд рдорд╛рдирдиреАрдп рдЙрдк рдореБрдЦреНрдпрдордВрддреНрд░реА рд╢реНрд░реА рдЕрд░реБрдг рд╕рд╛рд╡ рдЬреА рд╕реЗ рд▓реЛрдХ рдирд┐рд░реНрдорд╛рдг, рд▓реЛрдХ рд╕реНрд╡рд╛рд╕реНрдереНрдп рдпрд╛рдВрддреНрд░рд┐рдХреА, рд╡рд┐рдзрд┐-рд╡рд┐рдзрд╛рдпреА рдХрд╛рд░реНрдп рдПрд╡рдВ рдирдЧрд░реАрдп рдкреНрд░рд╢рд╛рд╕рди рд╡рд┐рднрд╛рдЧ рд╕реЗ рд╕рдВрдмрдВрдзрд┐рдд рдкреНрд░рд╕реНрддрд╛рд╡реЛрдВ рдкрд░ рдЪрд░реНрдЪрд╛ рдХреАред",рдЕрдиреНрдп,2025-11-13,рдирд╡рд╛ рд░рд╛рдпрдкреБрд░,urban,Chhattisgarh,рд░рд╛рдпрдкреБрд░,,,,,[],"[""рдЕрд░реБрдг рд╕рд╛рд╡"", ""рдЙрдк"", ""рд╕реНрддрд░реАрдп рдЪрд░реНрдЪрд╛ рдХреЗ""]",[],[],[],[],[],,,Auto-generated from Parser V2 (Confidence: 0.7)
1891439760981283186,"рдЖрдЬ рд╡рд░реНрд╖ 2025-26 рдХреЗ рдмрдЬрдЯ рд╡ рдирд╡реАрди рдордж рдкреНрд░рд╕реНрддрд╛рд╡реЛрдВ рдкрд░ рдордВрддреНрд░реА рд╕реНрддрд░реАрдп рдЪрд░реНрдЪрд╛ рдореЗрдВ рдорд╛рдирдиреАрдп рдордВрддреНрд░реА рд╢реНрд░реА рдХреЗрджрд╛рд░ рдХрд╢реНрдпрдк рдЬреА рд╕реЗ рд╕рдВрд╕рджреАрдп рдХрд╛рд░реНрдп,рд╡рди рдПрд╡рдВ рдЬрд▓рд╡рд╛рдпреБ рдкрд░рд┐рд╡рд░реНрддрди, рдЬрд▓ рд╕рдВрд╕рд╛рдзрди, рдХреМрд╢рд▓ рд╡рд┐рдХрд╛рд╕, рд╕рд╣рдХрд╛рд░рд┐рддрд╛ рд╡рд┐рднрд╛рдЧреЛрдВ рдХреЗ рд╕рдВрдмрдВрдз рдореЗрдВ рдЪрд░реНрдЪрд╛ рд╣реБрдИред",рдЕрдиреНрдп,2025-11-13,рдирд╡рд╛ рд░рд╛рдпрдкреБрд░,urban,Chhattisgarh,рд░рд╛рдпрдкреБрд░,,,,,[],"[""рдХреЗрджрд╛рд░ рдХрд╢реНрдпрдк"", ""рд╕реНрддрд░реАрдп рдЪрд░реНрдЪрд╛ рдореЗрдВ""]",[],[],[],[],[],,,Auto-generated from Parser V2 (Confidence: 0.6)
1891400305801138507,"рдмреБрд▓реЗрдЯ рдирд╣реАрдВ, рдмреИрд▓реЗрдЯ рдХреА рдЧреВрдВрдЬред",рдЕрдиреНрдп,2025-11-13,рдирд╡рд╛ рд░рд╛рдпрдкреБрд░,urban,Chhattisgarh,рд░рд╛рдпрдкреБрд░,,,,,[],[],[],[],[],[],[],,,Auto-generated from Parser V2 (Confidence: 0.6)
1891452585795592697,рдЯреЗрдХреНрдиреЛрд▓реЙрдЬреА рдФрд░ рдЗрдиреЛрд╡реЗрд╢рди рдХреЗ рдХреНрд╖реЗрддреНрд░ рдореЗрдВ рд╕реБрдкрд░ рдкрд╛рд╡рд░ рдмрдирдиреЗ рдХреА рджрд┐рд╢рд╛ рдореЗрдВ рд▓рдЧрд╛рддрд╛рд░ рдЖрдЧреЗ рдмрдврд╝ рд░рд╣рд╛ рд╣реИ рдирдпрд╛ рднрд╛рд░рддред,рдЕрдиреНрдп,2025-11-13,рдирд╡рд╛ рд░рд╛рдпрдкреБрд░,urban,Chhattisgarh,рд░рд╛рдпрдкреБрд░,,,,,[],[],[],[],[],[],[],,,Auto-generated from Parser V2 (Confidence: 0.6)
1891481538912829882,"рдЖрдЬ рдорд╛рдирдиреАрдп рдореБрдЦреНрдпрдордВрддреНрд░реА рд╢реНрд░реА рд╡рд┐рд╖реНрдгреБ рджреЗрд╡ рд╕рд╛рдп рдЬреА рдХреЗ рд╕рд╛рде рдореБрдЦреНрдпрдордВрддреНрд░реА рд╕рдЪрд┐рд╡рд╛рд▓рдп, рдорд╣рд╛рдирджреА рднрд╡рди, рдордВрддреНрд░рд╛рд▓рдп рдореЗрдВ рдзрд╛рд░реНрдорд┐рдХ рдиреНрдпрд╛рд╕-рдзрд░реНрдорд╕реНрд╡, рдЗрд▓реЗрдХреНрдЯреНрд░реЙрдирд┐рдХреНрд╕ рдПрд╡рдВ рд╕реВрдЪрдирд╛ рдкреНрд░реМрджреНрдпреЛрдЧрд┐рдХреА, рдордЫрд▓реА рдкрд╛рд▓рди, рдкрд╢реБрдкрд╛рд▓рди, рдЧреНрд░рд╛рдореЛрджреНрдпреЛрдЧ, рд╕реНрдХреВрд▓ рд╢рд┐рдХреНрд╖рд╛, рд╕рд╛рдорд╛рдиреНрдп рдкреНрд░рд╢рд╛рд╕рди, рдЙрдЪреНрдЪ рд╢рд┐рдХреНрд╖рд╛, рдкрд░реНрдпрдЯрди-рд╕рдВрд╕реНрдХреГрддрд┐, рдЬрдирд╢рд┐рдХрд╛рдпрдд рдирд┐рд╡рд╛рд░рдг, рд╡рд╛рдгрд┐рдЬреНрдпрд┐рдХ https://t.co/a0DhozKeRB",рдзрд╛рд░реНрдорд┐рдХ / рд╕рд╛рдВрд╕реНрдХреГрддрд┐рдХ рдХрд╛рд░реНрдпрдХреНрд░рдо,2025-11-13,рдирд╡рд╛ рд░рд╛рдпрдкреБрд░,urban,Chhattisgarh,рд░рд╛рдпрдкреБрд░,,,,,[],"[""рд╡рд┐рд╖реНрдгреБ рджреЗрд╡ рд╕рд╛рдп"", ""рд╕рдЪрд┐рд╡рд╛рд▓рдп""]",[],[],[],[],[],,,Auto-generated from Parser V2 (Confidence: 0.95)
1891524376828215758,"рдЖрдЬ рдорд╣рд╛рдирджреА рднрд╡рди, рдордВрддреНрд░рд╛рд▓рдп рдореЗрдВ рд╡рд░реНрд╖ 2025-26 рдХреЗ рдмрдЬрдЯ рд╡ рдирд╡реАрди рдордж рдкреНрд░рд╕реНрддрд╛рд╡реЛрдВ рдкрд░ рдЖрдпреЛрдЬрд┐рдд рдордВрддреНрд░реА рд╕реНрддрд░реАрдп рдмреИрдардХ рдореЗрдВ рд╡рд░реНрдЪреБрдЕрд▓ рдорд╛рдзреНрдпрдо рд╕реЗ рдЬреБрдбрд╝реЗ рдорд╛рдирдиреАрдп рдордВрддреНрд░реА рд╢реНрд░реА рджрдпрд╛рд▓ рджрд╛рд╕ рдмрдШреЗрд▓ рдЬреА рд╕реЗ рдЙрдирдХреЗ рдЦрд╛рджреНрдп, рдирд╛рдЧрд░рд┐рдХ рдЖрдкреВрд░реНрддрд┐ рдПрд╡рдВ рдЙрдкрднреЛрдХреНрддрд╛ рд╕рдВрд░рдХреНрд╖рдг рд╡рд┐рднрд╛рдЧреЛрдВ рд╕реЗ рд╕рдВрдмрдВрдзрд┐рдд рд╡рд┐рд╖рдпреЛрдВ рдкрд░ рдЪрд░реНрдЪрд╛ рд╣реБрдИред",рдмреИрдардХ,2025-11-13,рдирд╡рд╛ рд░рд╛рдпрдкреБрд░,urban,Chhattisgarh,рд░рд╛рдпрдкреБрд░,,,,,[],"[""рджрдпрд╛рд▓ рджрд╛рд╕ рдмрдШреЗрд▓"", ""рд╕реНрддрд░реАрдп рдмреИрдардХ рдореЗрдВ""]",[],[],[],[],[],,,Auto-generated from Parser V2 (Confidence: 0.95)
1891508871765921904,рд░рд╛рдЬрд┐рдо рдХреБрдВрдн (рдХрд▓реНрдк) 2025 рдореЗрдВ рдЖрдП рд╢реНрд░рджреНрдзрд╛рд▓реБрдУрдВ рдиреЗ рд╕рд╛рдЭрд╛ рдХрд┐рдпрд╛ рдЕрдкрдирд╛ рдЕрдиреБрднрд╡...,рдЕрдиреНрдп,2025-11-13,рд░рд╛рдЬрд┐рдо,urban,Chhattisgarh,рдЧрд░рд┐рдпрд╛рдмрдВрдж,,,,,[],[],[],[],[],[],[],,,Auto-generated from Parser V2 (Confidence: 0.7)
1891539880783523948,"рдЖрдЬ рдорд╣рд╛рдирджреА рднрд╡рди, рдордВрддреНрд░рд╛рд▓рдп, рдирд╡рд╛ рд░рд╛рдпрдкреБрд░ рдЕрдЯрд▓ рдирдЧрд░ рдореЗрдВ рд╡рд░реНрд╖ 2025-26 рдХреЗ рдмрдЬрдЯ рдПрд╡рдВ рдирд╡реАрди рдордж рдХреЗ рд╕рдВрдмрдВрдз рдореЗрдВ рдЖрдпреЛрдЬрд┐рдд рдмреИрдардХ рдореЗрдВ рдЕрдкрдиреЗ рд╡рд┐рднрд╛рдЧ-рд╡рд┐рддреНрдд, рд╡рд╛рдгрд┐рдЬреНрдпрд┐рдХ рдХрд░, рдЖрд╡рд╛рд╕-рдкрд░реНрдпрд╛рд╡рд░рдг, рдпреЛрдЬрдирд╛, рдЖрд░реНрдерд┐рдХ рд╡ рд╕рд╛рдВрдЦреНрдпрд┐рдХреА рд╕реЗ рдЬреБрдбрд╝реЗ рдкреНрд░рд╕реНрддрд╛рд╡реЛрдВ рдкрд░ рдЪрд░реНрдЪрд╛ рдХреАред https://t.co/sH1CVw93Sz",рдмреИрдардХ,2025-11-13,рдирд╡рд╛ рд░рд╛рдпрдкреБрд░,urban,Chhattisgarh,рд░рд╛рдпрдкреБрд░,,,,,[],[],[],[],[],[],[],,,Auto-generated from Parser V2 (Confidence: 0.95)
1891526319478919532,"рдЖрджрд░рдгреАрдп рд╢реНрд░реА рдирд┐рддрд┐рди рдирдмреАрди рдЬреА, рдЖрдкрдХреЗ рдкреНрд░реЗрд░рдгрд╛рджрд╛рдпрдХ рд╕рдВрджреЗрд╢ рдХреЗ рд▓рд┐рдП рдЖрднрд╛рд░ред",рдЕрдиреНрдп,2025-11-13,рдирд╡рд╛ рд░рд╛рдпрдкреБрд░,urban,Chhattisgarh,рд░рд╛рдпрдкреБрд░,,,,,[],"[""рдирд┐рддрд┐рди рдирдмреАрди""]",[],[],[],[],[],,,Auto-generated from Parser V2 (Confidence: 0.6)
1891685850544493037,рд░рд╛рдпрдЧрдврд╝ рдЬрд┐рд▓рд╛ рдкрдВрдЪрд╛рдпрдд рдХреНрд╖реЗрддреНрд░ рдХреНрд░рдорд╛рдВрдХ 5 рд╕реЗ рднрд╛рдЬрдкрд╛ рд╕рдорд░реНрдерд┐рдд рдкреНрд░рддреНрдпрд╛рд╢реА рд╢реНрд░реА рдмреНрд░рдЬреЗрд╢ рдЧреБрдкреНрддрд╛ рдЬреА рдХреЛ рдЬреАрдд рдХреА рд╣рд╛рд░реНрджрд┐рдХ рдмрдзрд╛рдИ рдПрд╡рдВ рд╢реБрднрдХрд╛рдордирд╛рдпреЗрдВред https://t.co/UPwdCaAa3P,рд╢реБрднрдХрд╛рдордирд╛ / рдмрдзрд╛рдИ,2025-11-13,рд░рд╛рдпрдЧрдврд╝,urban,Chhattisgarh,рд░рд╛рдпрдЧрдврд╝,,,,,[],"[""рдмреНрд░рдЬреЗрд╢ рдЧреБрдкреНрддрд╛""]",[],[],[],[],[],,,Auto-generated from Parser V2 (Confidence: 0.95)
1891669304950554806,"рддреНрдпрд╛рдЧ, рддрдкрд╕реНрдпрд╛ рдХреА рдкреНрд░рддрд┐рдореВрд░реНрддрд┐, рдорд╣рд╛рди рд╕рдВрдд рд╕реНрд╡рд╛рдореА рд░рд╛рдордХреГрд╖реНрдг рдкрд░рдорд╣рдВрд╕ рдЬреА рдХреА рдЬрдпрдВрддреА рдкрд░ рдХреЛрдЯрд┐-рдХреЛрдЯрд┐ рдирдордиред",рдзрд╛рд░реНрдорд┐рдХ / рд╕рд╛рдВрд╕реНрдХреГрддрд┐рдХ рдХрд╛рд░реНрдпрдХреНрд░рдо,2025-11-13,рд░рд╛рдпрдЧрдврд╝,urban,Chhattisgarh,рд░рд╛рдпрдЧрдврд╝,,,,,[],[],[],[],[],[],[],,,Auto-generated from Parser V2 (Confidence: 0.85)
1891699754666467577,"рд╕рд╛рд░рдВрдЧрдврд╝-рдмрд┐рд▓рд╛рдИрдЧрдврд╝ рдЬрд┐рд▓рд╛ рдкрдВрдЪрд╛рдпрдд рдХреНрд╖реЗрддреНрд░ рдХреНрд░рдорд╛рдВрдХ 1 рд╕реЗ рднрд╛рдЬрдкрд╛ рд╕рдорд░реНрдерд┐рдд рдкреНрд░рддреНрдпрд╛рд╢реА рд╢реНрд░реАрдорддреА рд╕рд░рд┐рддрд╛ рдореБрд░рд╛рд░реА рдирд╛рдпрдХ рдЬреА рдХреЛ 9,683 рдорддреЛрдВ рд╕реЗ рд╡рд┐рдЬрдпреА рд╣реЛрдиреЗ рдкрд░ рд╣рд╛рд░реНрджрд┐рдХ рд╢реБрднрдХрд╛рдордирд╛рдпреЗрдВред https://t.co/8wFLlmTn0o",рд╢реБрднрдХрд╛рдордирд╛ / рдмрдзрд╛рдИ,2025-11-13,рд╕рд╛рд░рдВрдЧрдврд╝-рдмрд┐рд▓рд╛рдИрдЧрдврд╝,district,Chhattisgarh,рд╕рд╛рд░рдВрдЧрдврд╝-рдмрд┐рд▓рд╛рдИрдЧрдврд╝,,,,,[],"[""рд╕рд░рд┐рддрд╛ рдореБрд░рд╛рд░реА рдирд╛рдпрдХ""]",[],[],[],[],[],,,Auto-generated from Parser V2 (Confidence: 0.95)
1891710656899899408,"рдкреНрд░рднреБ рд╢реНрд░реА рд░рд╛рдо рдХреЗ рднрд╡реНрдп рдордВрджрд┐рд░ рдХреЗ рд▓рд┐рдП рджрд╢рдХреЛрдВ рддрдХ рд╕рдВрдШрд░реНрд╖ рдХрд┐рдпрд╛, рдЬрдмрдХрд┐ рдХрд╛рдВрдЧреНрд░реЗрд╕ рдиреЗ рд░рд╛рдо рд▓рд▓рд╛ рдХреЗ рдЕрд╕реНрддрд┐рддреНрд╡ рд╕реЗ рдЗрдВрдХрд╛рд░ рдХрд┐рдпрд╛ред рд╣рдорд╛рд░реА рд╕рд░рдХрд╛рд░ рдЕрдпреЛрдзреНрдпрд╛ рдзрд╛рдо рд╡ рдХреБрдВрдн рдЬрд╛рдиреЗ рд╡рд╛рд▓реЗ рднрдХреНрддреЛрдВ рдХреА рд╕реЗрд╡рд╛ рдХреЗ рд▓рд┐рдП рд╕рдорд░реНрдкрд┐рдд рд╣реИред 'рд░рд╛рдо рд▓рд▓рд╛ рджрд░реНрд╢рди рдпреЛрдЬрдирд╛' рдмрдбрд╝реА рдпреЛрдЬрдирд╛ рдирд╣реАрдВ, рдмрд▓реНрдХрд┐ рдпрд╣ рдкрд╛рд░реНрдЯреА рдХреА рд╕реЛрдЪ рд╡ рднрд╛рд╡рдирд╛рдУрдВ рдХрд╛ рдкреНрд░рддреАрдХ рд╣реИред https://t.co/6Pkx8B9hOS",рдпреЛрдЬрдирд╛ рдШреЛрд╖рдгрд╛,2025-11-13,рд╕рд╛рд░рдВрдЧрдврд╝-рдмрд┐рд▓рд╛рдИрдЧрдврд╝,district,Chhattisgarh,рд╕рд╛рд░рдВрдЧрдврд╝-рдмрд┐рд▓рд╛рдИрдЧрдврд╝,,,,,[],"[""рд░рд╛рдо рдХреЗ рднрд╡реНрдп""]",[],[],[],[],[],,,Auto-generated from Parser V2 (Confidence: 0.85)
1891716438085251556,рдХрд╛рдВрдЧреНрд░реЗрд╕ рдХрд╛ рджреЗрд╢рд╡рд┐рд░реЛрдзреА рдПрдЬреЗрдВрдбрд╛ рдлрд┐рд░ рдЙрдЬрд╛рдЧрд░ред рд╕реИрдо рдкрд┐рддреНрд░реМрджрд╛ рд▓рдЧрд╛рддрд╛рд░ рджреЗрд╢ рд╡рд┐рд░реЛрдзреА рдмрдпрд╛рди рджреЗ рд░рд╣реЗ рд╣реИрдВ рдФрд░ рдХрд╛рдВрдЧреНрд░реЗрд╕ рдЪреБрдк рд╣реИред рд╕рд╛рдл рд╣реИ рдХрд┐ рдпрд╣ рд╕рдм рдХрд╛рдВрдЧреНрд░реЗрд╕ рдЖрд▓рд╛рдХрдорд╛рди рдХреЗ рдЗрд╢рд╛рд░реЗ рдкрд░ рд╣реЛ рд░рд╣рд╛ рд╣реИред,рд░рд╛рдЬрдиреАрддрд┐рдХ рд╡рдХреНрддрд╡реНрдп,2025-11-13,рд╕рд╛рд░рдВрдЧрдврд╝-рдмрд┐рд▓рд╛рдИрдЧрдврд╝,district,Chhattisgarh,рд╕рд╛рд░рдВрдЧрдврд╝-рдмрд┐рд▓рд╛рдИрдЧрдврд╝,,,,,[],[],[],[],[],[],[],,,Auto-generated from Parser V2 (Confidence: 0.85)
1891740170132574216,"рднрдХреНрддрд┐рдХрд╛рд▓ рдХреЗ рдкреНрд░рдореБрдЦ рд╕рдВрдд, рдорд╣рд╛рди рд╢реНрд░реАрдХреГрд╖реНрдг рднрдХреНрдд рдЪреИрддрдиреНрдп рдорд╣рд╛рдкреНрд░рднреБ рдЬреА рдХреА рдЬрдпрдВрддреА рдкрд░ рд╕рд╛рджрд░ рдирдордиред https://t.co/w7EUxjp4p1",рдзрд╛рд░реНрдорд┐рдХ / рд╕рд╛рдВрд╕реНрдХреГрддрд┐рдХ рдХрд╛рд░реНрдпрдХреНрд░рдо,2025-11-13,рд╕рд╛рд░рдВрдЧрдврд╝-рдмрд┐рд▓рд╛рдИрдЧрдврд╝,district,Chhattisgarh,рд╕рд╛рд░рдВрдЧрдврд╝-рдмрд┐рд▓рд╛рдИрдЧрдврд╝,,,,,[],[],[],[],[],[],[],,,Auto-generated from Parser V2 (Confidence: 0.85)
1891768812850049469,"рдЖрдЬ рдорд╣рд╛рдирджреА рднрд╡рди, рдордВрддреНрд░рд╛рд▓рдп, рдирд╡рд╛ рд░рд╛рдпрдкреБрд░, рдЕрдЯрд▓ рдирдЧрд░ рдореЗрдВ рдкреНрд░рд╢рд╛рд╕рдирд┐рдХ рдХрд╛рд░реНрдпреЛрдВ рдХреА рд╕реБрдЧрдорддрд╛ рдФрд░ рдкреНрд░рднрд╛рд╡реА рдХреНрд░рд┐рдпрд╛рдиреНрд╡рдпрди рд╕реБрдирд┐рд╢реНрдЪрд┐рдд рдХрд░рдиреЗ рдЬрдирд╣рд┐рдд рд╕реЗ рдЬреБрдбрд╝реА рдлрд╛рдЗрд▓реЛрдВ рдХрд╛ рдирд┐рд╖реНрдкрд╛рджрди рдХрд┐рдпрд╛ред",рдЕрдиреНрдп,2025-11-13,рдирд╡рд╛ рд░рд╛рдпрдкреБрд░,urban,Chhattisgarh,рд░рд╛рдпрдкреБрд░,,,,,[],[],[],[],[],[],[],,,Auto-generated from Parser V2 (Confidence: 0.7)
1891783272553673049,рдореЛрджреА рд╕рд░рдХрд╛рд░ рдХреЗ рдкреНрд░рдпрд╛рд╕реЛрдВ рд╕реЗ рдмрдврд╝ рд░рд╣рд╛ рдорд╛рддрд╛рдУрдВ рдХрд╛ рд╢реИрдХреНрд╖рдгрд┐рдХ рд╕реНрддрд░...,рдЕрдиреНрдп,2025-11-13,рдирд╡рд╛ рд░рд╛рдпрдкреБрд░,urban,Chhattisgarh,рд░рд╛рдпрдкреБрд░,,,,,[],[],[],[],[],[],[],,,Auto-generated from Parser V2 (Confidence: 0.6)
1891802313259384936,"рдЖрдЬ рдорд╣рд╛рдирджреА рднрд╡рди, рдордВрддреНрд░рд╛рд▓рдп рдореЗрдВ рдорд╛рдирдиреАрдп рдореБрдЦреНрдпрдордВрддреНрд░реА рд╢реНрд░реА рд╡рд┐рд╖реНрдгреБ рджреЗрд╡ рд╕рд╛рдп рдЬреА рдХреА рдЙрдкрд╕реНрдерд┐рддрд┐ рдореЗрдВ рд╕реБрд╢рд╛рд╕рди рдПрд╡рдВ рдЕрднрд┐рд╕рд░рдг рд╡рд┐рднрд╛рдЧ рдиреЗ рд╕реЗрдВрдЯрд░ рдлреЙрд░ рдЗрдлреЗрдХреНрдЯрд┐рд╡ рдЧрд╡рд░реНрдиреЗрдВрд╕ рдСрдл рдЗрдВрдбрд┐рдпрди рд╕реНрдЯреЗрдЯреНрд╕ рдФрд░ рдЯреНрд░рд╛рдВрд╕рдлреЙрд░реНрдорд┐рдВрдЧ рд░реВрд░рд▓ рдЗрдВрдбрд┐рдпрд╛ рдХреЗ рд╕рдВрдЧ рджреЛ рдПрдордУрдпреВ рдкрд░ рд╣рд╕реНрддрд╛рдХреНрд╖рд░ рдХрд┐рдПред",рдЕрдиреНрдп,2025-11-13,рдирд╡рд╛ рд░рд╛рдпрдкреБрд░,urban,Chhattisgarh,рд░рд╛рдпрдкреБрд░,,,,,[],"[""рд╡рд┐рд╖реНрдгреБ рджреЗрд╡ рд╕рд╛рдп""]",[],[],[],[],[],,,Auto-generated from Parser V2 (Confidence: 0.7)
1891836177939886438,рд░рд╛рдпрдЧрдврд╝ рдЬрд┐рд▓рд╛ рдкрдВрдЪрд╛рдпрдд рдЪреБрдирд╛рд╡ рдХреЗ рдкреНрд░рдердо рдЪрд░рдг рдореЗрдВ 6 рдореЗрдВ рд╕реЗ 5 рд╕реАрдЯреЛрдВ рдкрд░ рднрд╛рдЬрдкрд╛ рд╕рдорд░реНрдерд┐рдд рдкреНрд░рддреНрдпрд╛рд╢рд┐рдпреЛрдВ рдХреА рд╢рд╛рдирджрд╛рд░ рдЬреАрддред рд╕рднреА рд╡рд┐рдЬрдпреА рдкреНрд░рддреНрдпрд╛рд╢рд┐рдпреЛрдВ рдХреЛ рд╣рд╛рд░реНрджрд┐рдХ рдмрдзрд╛рдИ рдПрд╡рдВ рд╢реБрднрдХрд╛рдордирд╛рдпреЗрдВред https://t.co/XhQHRapcSV,рдЪреБрдирд╛рд╡ рдкреНрд░рдЪрд╛рд░,2025-11-13,рд░рд╛рдпрдЧрдврд╝,urban,Chhattisgarh,рд░рд╛рдпрдЧрдврд╝,,,,,[],[],[],[],[],[],[],,,Auto-generated from Parser V2 (Confidence: 0.95)
1891850471687557170,рдкреНрд░рдзрд╛рдирдордВрддреНрд░реА рдлрд╕рд▓ рдмреАрдорд╛ рдпреЛрдЬрдирд╛- рдХрд┐рд╕рд╛рдиреЛрдВ рдХреЛ рд╕рд╢рдХреНрдд рдмрдирд╛рдиреЗ рдХреА рджрд┐рд╢рд╛ рдореЗрдВ рдПрдХ рдорд╣рддреНрд╡рдкреВрд░реНрдг рдХрджрдоред,рдпреЛрдЬрдирд╛ рдШреЛрд╖рдгрд╛,2025-11-13,рд░рд╛рдпрдЧрдврд╝,urban,Chhattisgarh,рд░рд╛рдпрдЧрдврд╝,,,,,[],"[""рдлрд╕рд▓ рдмреАрдорд╛ рдпреЛрдЬрдирд╛""]",[],[],[],[],[],,,Auto-generated from Parser V2 (Confidence: 0.85)
1892027642448060608,рд░рд╛рд╖реНрдЯреНрд░рдЧреМрд░рд╡ рдХреЗ рдкреНрд░рддреАрдХ рдЫрддреНрд░рдкрддрд┐ рд╢рд┐рд╡рд╛рдЬреА рдорд╣рд╛рд░рд╛рдЬ рдХреА рдЬрдпрдВрддреА рдкрд░ рдХреЛрдЯрд┐-рдХреЛрдЯрд┐ рдирдордиред,рдзрд╛рд░реНрдорд┐рдХ / рд╕рд╛рдВрд╕реНрдХреГрддрд┐рдХ рдХрд╛рд░реНрдпрдХреНрд░рдо,2025-11-13,рд░рд╛рдпрдЧрдврд╝,urban,Chhattisgarh,рд░рд╛рдпрдЧрдврд╝,,,,,[],[],[],[],[],[],[],,,Auto-generated from Parser V2 (Confidence: 0.85)
1892039273542713574,"рд░рд╛рд╖реНрдЯреНрд░реАрдп рд╕реНрд╡рдпрдВрд╕реЗрд╡рдХ рд╕рдВрдШ рдХреЗ рджреНрд╡рд┐рддреАрдп рд╕рд░рд╕рдВрдШрдЪрд╛рд▓рдХ, рдорд╣рд╛рди рд╡рд┐рдЪрд╛рд░рдХ рдФрд░ рдорд╛рдБ рднрд╛рд░рддреА рдХреЗ рдЕрдирдиреНрдп рдЙрдкрд╛рд╕рдХ рд╢реНрд░рджреНрдзреЗрдп рдорд╛рдзрд╡рд░рд╛рд╡ рд╕рджрд╛рд╢рд┐рд╡рд░рд╛рд╡ рдЧреЛрд▓рд╡рд▓рдХрд░ 'рдЧреБрд░реБрдЬреА' рдиреЗ рд░рд╛рд╖реНрдЯреНрд░реАрдп рднрд╛рд╡рдирд╛ рдХреЛ рд╕рдорд╛рдЬ рдореЗрдВ рдЕрдирд╡рд░рдд рдкреНрд░рд╕рд╛рд░рд┐рдд рдХрд░рдиреЗ рдХрд╛ рдорд╣рд╛рди рдХрд╛рд░реНрдп рдХрд┐рдпрд╛ред рдЙрдирдХреЗ рдиреЗрддреГрддреНрд╡ рдФрд░ рд╡рд┐рдЪрд╛рд░реЛрдВ рдиреЗ рднрд╛рд░рдд рдХреЛ рдПрдХ рд╕рд╢рдХреНрдд рд░рд╛рд╖реНрдЯреНрд░ рдмрдирд╛рдиреЗ рдХреА рджрд┐рд╢рд╛ рдореЗрдВ рдЕрддреНрдпрдзрд┐рдХ https://t.co/SelrkusbmI",рдЕрдиреНрдп,2025-11-13,рд░рд╛рдпрдЧрдврд╝,urban,Chhattisgarh,рд░рд╛рдпрдЧрдврд╝,,,,,[],[],[],[],[],[],[],,,Auto-generated from Parser V2 (Confidence: 0.6)
1892059706555809934,"рдорд╣рд╛рди рд╕реНрд╡рддрдВрддреНрд░рддрд╛ рд╕реЗрдирд╛рдиреА, рд╕рдорд╛рдЬ рд╕реБрдзрд╛рд░рдХ рд╡ рдкреНрд░рдЦрд░ рд╡рд┐рдЪрд╛рд░рдХ рд╢реНрд░реА рдЧреЛрдкрд╛рд▓ рдХреГрд╖реНрдг рдЧреЛрдЦрд▓реЗ рдЬреА рдХреА рдкреБрдгреНрдпрддрд┐рдерд┐ рдкрд░ рд╕рд╛рджрд░ рдирдордиред",рдЕрдиреНрдп,2025-11-13,рд░рд╛рдпрдЧрдврд╝,urban,Chhattisgarh,рд░рд╛рдпрдЧрдврд╝,,,,,[],"[""рдЧреЛрдкрд╛рд▓ рдХреГрд╖реНрдг рдЧреЛрдЦрд▓реЗ""]",[],[],[],[],[],,,Auto-generated from Parser V2 (Confidence: 0.6)
1892074220844097819,рдЖрджрд░рдгреАрдп рдкреНрд░рдзрд╛рдирдордВрддреНрд░реА рд╢реНрд░реА рдирд░реЗрдВрджреНрд░ рдореЛрджреА рдЬреА рд╡ рдорд╛рдирдиреАрдп рдХреЗрдВрджреНрд░реАрдп рдЧреГрд╣ рдордВрддреНрд░реА рд╢реНрд░реА рдЕрдорд┐рдд рд╢рд╛рд╣ рдЬреА рдХреЗ рджреГрдврд╝ рд╕рдВрдХрд▓реНрдк рд╕реЗ рдЫрддреНрддреАрд╕рдЧрдврд╝ рдореЗрдВ рдорд╛рдУрд╡рд╛рдж рдЕрдВрддрд┐рдо рд╕рд╛рдВрд╕ рдЧрд┐рди рд░рд╣рд╛ рд╣реИред рдкрдВрдЪрд╛рдпрдд рдЪреБрдирд╛рд╡реЛрдВ рдореЗрдВ рдЧреНрд░рд╛рдореАрдгреЛрдВ рдиреЗ рдирд┐рд░реНрднреАрдХ рд╣реЛрдХрд░ рд▓реЛрдХрддрдВрддреНрд░ рдХрд╛ рд╕рдорд░реНрдердХ рдХрд┐рдпрд╛ред рдкреНрд░рджреЗрд╢ рдХрд╛ рдЧреМрд░рд╡ рд▓реМрдЯ рд░рд╣рд╛ рд╣реИред,рдЖрдВрддрд░рд┐рдХ рд╕реБрд░рдХреНрд╖рд╛ / рдкреБрд▓рд┐рд╕,2025-11-13,рд░рд╛рдпрдЧрдврд╝,urban,Chhattisgarh,рд░рд╛рдпрдЧрдврд╝,,,,,[],"[""рдЕрдорд┐рдд рд╢рд╛рд╣"", ""рдХреЗрдВрджреНрд░реАрдп рдЧреГрд╣"", ""рдирд░реЗрдВрджреНрд░ рдореЛрджреА""]",[],[],[],[],[],,,Auto-generated from Parser V2 (Confidence: 0.85)
1892118846854791376,рдЬрд╢рдкреБрд░ рдХреА рдорд╛рдирдиреАрдп рд╡рд┐рдзрд╛рдпрдХ рд╢реНрд░реАрдорддреА рд░рд╛рдпрдореБрдиреА рднрдЧрдд рдЬреА рдХреЛ рдЬрдиреНрдорджрд┐рди рдХреА рд╣рд╛рд░реНрджрд┐рдХ рдмрдзрд╛рдИ рдПрд╡рдВ рд╢реБрднрдХрд╛рдордирд╛рдпреЗрдВред,рд╢реБрднрдХрд╛рдордирд╛ / рдмрдзрд╛рдИ,2025-11-13,рдЬрд╢рдкреБрд░,district,Chhattisgarh,рдЬрд╢рдкреБрд░,,,,,[],"[""рд░рд╛рдпрдореБрдиреА рднрдЧрдд""]",[],[],[],[],[],,,Auto-generated from Parser V2 (Confidence: 0.95)
1892096409215610935,"рд╡рд┐рдХрд╕рд┐рдд рднрд╛рд░рдд, рд╡рд┐рдХрд╕рд┐рдд рдЫрддреНрддреАрд╕рдЧрдврд╝ 2047 рдХреЗ рд╕рдВрдХрд▓реНрдк рдХреЗ рд╕рд╛рде рд╣рдо рдЕрдореГрддрдХрд╛рд▓ рдЫрддреНрддреАрд╕рдЧрдврд╝ рд╡рд┐рдЬрди @ 2047 рдкрд░ рдХрд╛рд░реНрдп рдХрд░ рд░рд╣реЗ рд╣реИрдВред рд╣рд░ рдмрдЬрдЯ рдореЗрдВ рдЗрд╕реЗ рд╕рд╛рдХрд╛рд░ рдХрд░рдиреЗ рдФрд░ рдмрдбрд╝реЗ рд╡рд┐рдЬрди рдХреЛ рдзрд░рд╛рддрд▓ рдкрд░ рдЙрддрд╛рд░рдиреЗ рдХрд╛ рд╣рдорд╛рд░рд╛ рдпрд╣ рд╕рдВрдХрд▓реНрдк рдЬрд╛рд░реА рд░рд╣реЗрдЧрд╛ред https://t.co/LWCTWjEBhk",рдЕрдиреНрдп,2025-11-13,рдЬрд╢рдкреБрд░,district,Chhattisgarh,рдЬрд╢рдкреБрд░,,,,,[],[],[],[],[],[],[],,,Auto-generated from Parser V2 (Confidence: 0.6)
1892101585343217830,"рдЫрддреНрддреАрд╕рдЧрдврд╝ рдХреА рдЬрдирддрд╛ рдЬрд░реНрдирд╛рджрди рдХреЗ рд▓рд┐рдП рдПрдХ рдордЬрдмреВрдд рдмрдЬрдЯ рдХрд╛ рдЖрдзрд╛рд░ рддреИрдпрд╛рд░ рдХрд┐рдпрд╛ рдЬрд╛ рд░рд╣рд╛ рд╣реИ, рдЬрд┐рд╕ рдкрд░ рдЖрд░реНрдерд┐рдХ рд╡рд┐рдХрд╛рд╕ рдХреЛ рдФрд░ рддреЗрдЬреА рд╕реЗ рдЧрддрд┐ рджрд┐рдпрд╛ рдЬрд╛ рд╕рдХреЗред рд╣рдо рдирдИ рдпреЛрдЬрдирд╛рдУрдВ рдХреЗ рд╕рд╛рде рдЖрдЧреЗ рдмрдврд╝ рд░рд╣реЗ рд╣реИрдВред https://t.co/E01PfHSY1e",рдпреЛрдЬрдирд╛ рдШреЛрд╖рдгрд╛,2025-11-13,рдЬрд╢рдкреБрд░,district,Chhattisgarh,рдЬрд╢рдкреБрд░,,,,,[],[],[],[],[],[],[],,,Auto-generated from Parser V2 (Confidence: 0.85)
1892144608823390254,рдорди рдХреА рдмрд╛рдд рдХреЗ рдЖрдЧрд╛рдореА рдПрдкрд┐рд╕реЛрдб рд╣реЗрддреБ рд╕реНрд╡рдЪреНрдЫ рднрд╛рд░рдд рдорд┐рд╢рди рдореЗрдВ рдЕрдкрдиреЗ рдпреЛрдЧрджрд╛рди рдХреА рдХрд╣рд╛рдиреА рдЖрджрд░рдгреАрдп рдкреНрд░рдзрд╛рдирдордВрддреНрд░реА рд╢реНрд░реА рдирд░реЗрдВрджреНрд░ рдореЛрджреА рдЬреА рдХреЗ рд╕рд╛рде рд╕рд╛рдЭрд╛ рдХрд░ рджреЗрд╢рд╡рд╛рд╕рд┐рдпреЛрдВ рдХреЛ рдкреНрд░реЗрд░рд┐рдд рдХрд░реЗрдВред,рдпреЛрдЬрдирд╛ рдШреЛрд╖рдгрд╛,2025-11-13,рдЬрд╢рдкреБрд░,district,Chhattisgarh,рдЬрд╢рдкреБрд░,,,,,[],"[""рдирд░реЗрдВрджреНрд░ рдореЛрджреА""]","[""рд╕реНрд╡рдЪреНрдЫ рднрд╛рд░рдд рдорд┐рд╢рди""]",[],[],[],[],,,Auto-generated from Parser V2 (Confidence: 0.85)
1892155129677094976,рдореЛрджреА рд╕рд░рдХрд╛рд░ рдореЗрдВ рдбрд┐рдЬрд┐рдЯрд▓ рдХреНрд░рд╛рдВрддрд┐ рд╕реЗ рдЖрд╕рд╛рди рд╣реБрдЖ рджреЗрд╢рд╡рд╛рд╕рд┐рдпреЛрдВ рдХрд╛ рдЬреАрд╡рди...,рдЕрдиреНрдп,2025-11-13,рдЬрд╢рдкреБрд░,district,Chhattisgarh,рдЬрд╢рдкреБрд░,,,,,[],[],[],[],[],[],[],,,Auto-generated from Parser V2 (Confidence: 0.6)
75,2025-02-19 10:11:52,рдЕрдиреНрдп,2025-11-13,рдЬрд╢рдкреБрд░,district,Chhattisgarh,рдЬрд╢рдкреБрд░,,,,,[],[],[],[],[],[],[],,,Auto-generated from Parser V2 (Confidence: 0.6)
1892199359611298033,рд╣рд░ рд╣рд░ рдЧрдВрдЧреЗ...,рдЕрдиреНрдп,2025-11-13,рдЬрд╢рдкреБрд░,district,Chhattisgarh,рдЬрд╢рдкреБрд░,,,,,[],[],[],[],[],[],[],,,Auto-generated from Parser V2 (Confidence: 0.6)
1892205847226306843,"@tokhansahu_bjp рдорд╛рдирдиреАрдп рдХреЗрдВрджреНрд░реАрдп рд░рд╛рдЬреНрдп рдордВрддреНрд░реА рд╢реНрд░реА рддреЛрдЦрди рд╕рд╛рд╣реВ рдЬреА, рдЖрдкрдХреА рдЖрддреНрдореАрдпрддрд╛ рд╡ рд╕реНрдиреЗрд╣рдкреВрд░реНрдг рднрд╛рд╡ рдХреЗ рд▓рд┐рдП рдЖрднрд╛рд░ред рд╣рдо рд╕рднреА рдЫрддреНрддреАрд╕рдЧрдврд╝ рдорд╣рддрд╛рд░реА рдХреА рд╕реЗрд╡рд╛ рдПрд╡рдВ рд╡рд┐рдХрд╕рд┐рдд рдЫрддреНрддреАрд╕рдЧрдврд╝ рдХреЗ рдирд┐рд░реНрдорд╛рдг рдХреЗ рд▓рд┐рдП рд╕рдВрдХрд▓реНрдкрд┐рдд рд╣реИрдВред",рдЕрдиреНрдп,2025-11-13,рдЬрд╢рдкреБрд░,district,Chhattisgarh,рдЬрд╢рдкреБрд░,,,,,[],"[""рдХреЗрдВрджреНрд░реАрдп рд░рд╛рдЬреНрдп"", ""рддреЛрдЦрди рд╕рд╛рд╣реВ""]",[],[],[],[],[],,,Auto-generated from Parser V2 (Confidence: 0.6)
1892211536854196582,рд╣рд░ рд╣рд░ рдЧрдВрдЧреЗ... рдЬрдп рдорд╛рдБ рдЧрдВрдЧреЗ,рдЕрдиреНрдп,2025-11-13,рдЬрд╢рдкреБрд░,district,Chhattisgarh,рдЬрд╢рдкреБрд░,,,,,[],[],[],[],[],[],[],,,Auto-generated from Parser V2 (Confidence: 0.6)
1892254490960543943,рдорд╣рд╛рдХреБрдВрдн рд╣реИ... рдорд╣рд╛рдХреБрдВрдн рд╣реИ...,рдЕрдиреНрдп,2025-11-13,рдЬрд╢рдкреБрд░,district,Chhattisgarh,рдЬрд╢рдкреБрд░,,,,,[],[],[],[],[],[],[],,,Auto-generated from Parser V2 (Confidence: 0.6)
1892389869470540094,рдкрд╣рд▓реЗ рдорддрджрд╛рди рдлрд┐рд░ рдЬрд▓рдкрд╛рди,рдЪреБрдирд╛рд╡ рдкреНрд░рдЪрд╛рд░,2025-11-13,рдЬрд╢рдкреБрд░,district,Chhattisgarh,рдЬрд╢рдкреБрд░,,,,,[],[],[],[],[],[],[],,,Auto-generated from Parser V2 (Confidence: 0.85)
1892430638931673304,"рдирдорд╛рдорд┐ рдЧрдВрдЧреЗ, рддрд╡ рдкрд╛рдж рдкрдВрдХрдЬрдореНред",рдЕрдиреНрдп,2025-11-13,рдЬрд╢рдкреБрд░,district,Chhattisgarh,рдЬрд╢рдкреБрд░,,,,,[],[],[],[],[],[],[],,,Auto-generated from Parser V2 (Confidence: 0.6)
1892403355416142326,рдорд╣рд╛рдХреБрдВрдн рд╣реИ... рдорд╣рд╛рдХреБрдВрдн рд╣реИ...,рдЕрдиреНрдп,2025-11-13,рдЬрд╢рдкреБрд░,district,Chhattisgarh,рдЬрд╢рдкреБрд░,,,,,[],[],[],[],[],[],[],,,Auto-generated from Parser V2 (Confidence: 0.6)
